{"stats":{"minecraft:picked_up":{"minecraft:stick":2,"minecraft:feather":1,"biomesoplenty:mahogany_log":8,"minecraft:chicken":1,"minecraft:lead":2,"mutationcraft:putrid_claw":3,"minecraft:player_head":1,"spore:mutated_fiber":3,"minecraft:gunpowder":1},"minecraft:used":{"minecraft:wooden_axe":10,"biomesoplenty:mahogany_planks":6,"minecraft:wooden_sword":6,"minecraft:crafting_table":1,"minecraft:chicken":1},"minecraft:mined":{"biomesoplenty:mahogany_log":8},"minecraft:custom":{"minecraft:time_since_rest":49937,"minecraft:damage_taken":540,"minecraft:play_time":59842,"minecraft:crouch_one_cm":4285,"minecraft:sprint_one_cm":93719,"minecraft:walk_one_cm":115541,"minecraft:deaths":2,"minecraft:sneak_time":2008,"minecraft:walk_under_water_one_cm":88,"minecraft:mob_kills":5,"minecraft:jump":688,"minecraft:damage_dealt":190,"minecraft:leave_game":33,"minecraft:time_since_death":49881,"minecraft:walk_on_water_one_cm":5149,"minecraft:total_world_time":69182,"minecraft:climb_one_cm":2169,"minecraft:interact_with_crafting_table":1,"minecraft:fall_one_cm":21012,"minecraft:fly_one_cm":401436},"minecraft:killed":{"minecraft:skeleton":1,"mutationcraft:scientist":1,"minecraft:chicken":1,"minecraft:creeper":1,"mutationcraft:human_stage_2":1},"minecraft:killed_by":{"old_goatman:old_goatman":1,"mimic_dweller:mimic_dweller":1},"minecraft:crafted":{"minecraft:wooden_sword":1,"minecraft:crafting_table":1,"minecraft:stick":8,"biomesoplenty:mahogany_planks":32,"minecraft:wooden_pickaxe":1,"minecraft:wooden_axe":1}},"DataVersion":3120}