{"stats":{"minecraft:killed":{"spore:inf_pillager":1,"demogorgon:demogorgon":3,"spore:inf_villager":1,"minecraft:pig":1,"spore:inf_human":10,"the_knocker:knocker":1,"mutationcraft:assimilated_human":4,"mimicer:mimicer":1,"mutationcraft:assimilated_pig":1,"minecraft:fox":1,"mutationcraft:assimilated_enderman":1,"bwrtherain:spider_skull":4,"minecraft:creeper":4,"witherstormmod:withered_symbiont":1},"minecraft:custom":{"minecraft:time_since_rest":97712,"minecraft:waystone_activated":1,"minecraft:sprint_one_cm":101434,"minecraft:damage_absorbed":308,"minecraft:damage_taken":3442,"minecraft:walk_one_cm":206555,"minecraft:mob_kills":34,"minecraft:drop":5,"minecraft:damage_dealt":984,"minecraft:swim_one_cm":9534,"minecraft:fly_one_cm":397055,"minecraft:crouch_one_cm":9529,"minecraft:play_time":97712,"minecraft:sneak_time":5124,"minecraft:walk_under_water_one_cm":20548,"minecraft:jump":1319,"minecraft:leave_game":12,"minecraft:time_since_death":97712,"minecraft:walk_on_water_one_cm":8302,"minecraft:total_world_time":97712,"minecraft:damage_resisted":582,"minecraft:fall_one_cm":40427},"minecraft:picked_up":{"spore:cerebrum":1,"biomesoplenty:fir_sapling":1,"mutationcraft:putrid_claw":10,"biomesoplenty:fir_log":4,"minecraft:porkchop":1,"minecraft:gunpowder":1,"minecraft:dirt":32,"minecraft:string":3,"biomesoplenty:yellow_autumn_sapling":2,"mutationcraft:assimilated_ender_pearl":1,"demogorgon:blighted_flesh":3,"minecraft:bone":2,"minecraft:arrow":2,"minecraft:wheat_seeds":1,"spore:mutated_fiber":16,"spore:spine_fragment":1,"minecraft:skeleton_skull":1,"minecraft:coal":1,"mutationcraft:putrid_heart":1,"witherstormmod:command_block_book":1,"minecraft:cobblestone":6,"minecraft:birch_log":1},"minecraft:dropped":{"biomesoplenty:fir_log":3,"minecraft:wheat_seeds":1,"alexsmobs:animal_dictionary":1},"minecraft:used":{"horror_element_mod:broken_tv":1,"witherstormmod:withered_symbiont_spawn_egg":1,"horror_element_mod:human_remains":1,"minecraft:wither_skeleton_skull":16,"minecraft:command_block":3,"horror_element_mod:villager_head":1,"securitycraft:reinforced_soul_soil":13,"demogorgon:demogorgon_spawn_egg":3,"minecraft:soul_sand":5,"minecraft:potion":3,"videoplayer:tv_block":7,"minecraft:cooked_beef":19,"biomesoplenty:fir_log":8,"witherstormmod:command_block_sword":2},"minecraft:mined":{"biomesoplenty:fir_log":1,"minecraft:grass":4,"minecraft:oak_leaves":1,"minecraft:fern":8}},"DataVersion":3120}