{"stats":{"minecraft:killed":{"mutationcraft:assimilated_witch":1,"minecraft:husk":1,"minecraft:cave_spider":2,"mutationcraft:light_hook":1,"minecraft:pig":1,"spore:inf_player":1,"mutationcraft:assimilated_spider":1,"minecraft:spider":1,"mutationcraft:assimilated_evoker":1,"minecraft:bat":10,"mutationcraft:carnivorae":2,"bwrtherain:spider_skull":4,"witherstormmod:wither_storm":1,"mutationcraft:assimilated_creeper":1,"minecraft:creeper":11,"minecraft:squid":3,"witherstormmod:withered_symbiont":1,"mutationcraft:miter":7,"mutationcraft:assimilated_villager":3,"minecraft:skeleton":6,"spore:inf_pillager":4,"demogorgon:demogorgon":3,"minecraft:sheep":4,"spore:inf_villager":8,"mutationcraft:necroptor":7,"minecraft:zombie":9,"mutationcraft:assimilated_sheep":2,"spore:inf_human":23,"the_knocker:knocker":1,"mimicer:mimicer":1,"mutationcraft:assimilated_human":7,"mutationcraft:assimilated_pig":3,"minecraft:fox":1,"minecraft:chicken":2,"spore:inf_witch":3,"alexsmobs:fly":2,"mutationcraft:assimilated_bear":4,"minecraft:drowned":1,"mutationcraft:assimilated_fox":1,"mutationcraft:assimilated_enderman":3,"mutationcraft:assimilated_roamer":3,"mutationcraft:assimilated_wolf":1,"mutationcraft:assimilated_wandering_trader":2,"mutationcraft:parasitic_roller":1,"mutationcraft:assimilated_pillager":2,"mutationcraft:developed_roamer":3,"apollyon:the_damned":1,"mutationcraft:assimilated_cow":1},"minecraft:custom":{"minecraft:mob_kills":165,"minecraft:leave_game":15,"minecraft:time_since_death":272135,"minecraft:damage_resisted":1284,"minecraft:time_since_rest":272135,"minecraft:waystone_activated":1,"minecraft:sprint_one_cm":123561,"minecraft:walk_one_cm":242742,"minecraft:damage_taken":4828,"minecraft:damage_absorbed":548,"minecraft:drop":6,"minecraft:damage_dealt":996,"minecraft:damage_dealt_absorbed":4182,"minecraft:swim_one_cm":12704,"minecraft:fly_one_cm":1216458,"minecraft:crouch_one_cm":11245,"minecraft:play_time":272135,"minecraft:sneak_time":9459,"minecraft:walk_under_water_one_cm":25516,"minecraft:jump":1677,"minecraft:walk_on_water_one_cm":13010,"minecraft:total_world_time":272135,"minecraft:fall_one_cm":50348},"minecraft:picked_up":{"minecraft:birch_log":1,"minecraft:feather":2,"minecraft:chicken":1,"minecraft:wither_rose":6,"biomesoplenty:fir_sapling":3,"biomesoplenty:fir_log":4,"minecraft:gunpowder":1,"minecraft:string":3,"minecraft:dirt":69,"biomesoplenty:yellow_autumn_sapling":2,"mutationcraft:assimilated_ender_pearl":1,"minecraft:bone":2,"minecraft:wheat_seeds":2,"spore:mutated_fiber":16,"witherstormmod:command_block_book":1,"witherstormmod:formidibomb":1,"spore:cerebrum":1,"mutationcraft:putrid_claw":11,"minecraft:gravel":1,"minecraft:porkchop":1,"demogorgon:blighted_flesh":3,"minecraft:arrow":2,"witherstormmod:withered_nether_star":2,"spore:spine_fragment":1,"alexsmobs:banana_slug_slime":2,"minecraft:coal":1,"minecraft:mutton":1,"mutationcraft:putrid_heart":1,"minecraft:skeleton_skull":1,"minecraft:white_wool":1,"minecraft:cobblestone":6,"witherstormmod:infected_flesh_block":16},"minecraft:dropped":{"biomesoplenty:fir_log":3,"minecraft:wheat_seeds":1,"alexsmobs:animal_dictionary":1,"witherstormmod:formidibomb":1},"minecraft:used":{"witherstormmod:withered_symbiont_spawn_egg":1,"horror_element_mod:broken_tv":1,"minecraft:wither_skeleton_skull":16,"minecraft:flint_and_steel":3,"securitycraft:reinforced_soul_soil":13,"minecraft:ender_pearl":10,"demogorgon:demogorgon_spawn_egg":3,"minecraft:soul_sand":5,"witherstormmod:formidibomb":3,"videoplayer:tv_block":7,"witherstormmod:command_block_sword":2,"horror_element_mod:human_remains":1,"minecraft:command_block":3,"horror_element_mod:villager_head":1,"minecraft:potion":3,"cartoon_dweller:cartoon_dweller_spawn_egg":1,"biomesoplenty:fir_log":8,"minecraft:cooked_beef":21},"minecraft:mined":{"minecraft:lilac":1,"biomesoplenty:fir_log":1,"minecraft:grass":4,"minecraft:oak_leaves":1,"minecraft:fern":8}},"DataVersion":3120}