{"stats":{"minecraft:picked_up":{"minecraft:stick":2,"minecraft:feather":1,"biomesoplenty:mahogany_log":8,"minecraft:chicken":1,"minecraft:lead":2,"spore:mutated_fiber":3,"minecraft:gunpowder":1},"minecraft:used":{"minecraft:wooden_axe":10,"biomesoplenty:mahogany_planks":6,"minecraft:wooden_sword":6,"minecraft:crafting_table":1,"minecraft:chicken":1},"minecraft:mined":{"biomesoplenty:mahogany_log":8},"minecraft:custom":{"minecraft:time_since_rest":38427,"minecraft:damage_taken":540,"minecraft:play_time":48332,"minecraft:crouch_one_cm":4104,"minecraft:sprint_one_cm":77886,"minecraft:walk_one_cm":110091,"minecraft:deaths":2,"minecraft:sneak_time":1635,"minecraft:walk_under_water_one_cm":88,"minecraft:mob_kills":4,"minecraft:jump":609,"minecraft:damage_dealt":190,"minecraft:leave_game":32,"minecraft:time_since_death":38371,"minecraft:walk_on_water_one_cm":3308,"minecraft:total_world_time":57672,"minecraft:climb_one_cm":2169,"minecraft:interact_with_crafting_table":1,"minecraft:fall_one_cm":21012,"minecraft:fly_one_cm":158900},"minecraft:killed":{"minecraft:skeleton":1,"mutationcraft:scientist":1,"minecraft:chicken":1,"minecraft:creeper":1},"minecraft:killed_by":{"old_goatman:old_goatman":1,"mimic_dweller:mimic_dweller":1},"minecraft:crafted":{"minecraft:wooden_sword":1,"minecraft:crafting_table":1,"minecraft:stick":8,"biomesoplenty:mahogany_planks":32,"minecraft:wooden_pickaxe":1,"minecraft:wooden_axe":1}},"DataVersion":3120}