{"stats":{"minecraft:custom":{"minecraft:time_since_rest":8243,"minecraft:crouch_one_cm":191,"minecraft:leave_game":8,"minecraft:play_time":8243,"minecraft:sprint_one_cm":22775,"minecraft:time_since_death":8243,"minecraft:walk_one_cm":22050,"minecraft:sneak_time":27,"minecraft:total_world_time":8243,"minecraft:fall_one_cm":7562,"minecraft:drop":4,"minecraft:fly_one_cm":46831,"minecraft:jump":152},"minecraft:picked_up":{"biomesoplenty:fir_log":4},"minecraft:dropped":{"biomesoplenty:fir_log":3,"alexsmobs:animal_dictionary":1},"minecraft:used":{"horror_element_mod:villager_head":1,"videoplayer:tv_block":2,"horror_element_mod:human_remains":1,"horror_element_mod:broken_tv":1},"minecraft:mined":{"biomesoplenty:fir_log":1}},"DataVersion":3120}