{"stats":{"minecraft:killed":{"spore:inf_pillager":1,"demogorgon:demogorgon":3,"spore:inf_villager":1,"minecraft:pig":1,"spore:inf_human":10,"the_knocker:knocker":1,"mutationcraft:assimilated_human":4,"mimicer:mimicer":1,"mutationcraft:assimilated_pig":1,"minecraft:fox":1,"minecraft:chicken":2,"mutationcraft:assimilated_enderman":1,"bwrtherain:spider_skull":4,"minecraft:sheep":4,"witherstormmod:wither_storm":1,"apollyon:the_damned":1,"minecraft:creeper":4,"witherstormmod:withered_symbiont":1},"minecraft:custom":{"minecraft:waystone_activated":1,"minecraft:damage_taken":4768,"minecraft:sprint_one_cm":120389,"minecraft:damage_absorbed":548,"minecraft:walk_one_cm":236963,"minecraft:mob_kills":42,"minecraft:drop":5,"minecraft:damage_dealt":996,"minecraft:swim_one_cm":12704,"minecraft:fly_one_cm":814348,"minecraft:crouch_one_cm":11025,"minecraft:play_time":164135,"minecraft:sneak_time":7660,"minecraft:walk_under_water_one_cm":22659,"minecraft:jump":1601,"minecraft:leave_game":15,"minecraft:time_since_death":164135,"minecraft:walk_on_water_one_cm":12922,"minecraft:total_world_time":164135,"minecraft:damage_resisted":1284,"minecraft:fall_one_cm":49119,"minecraft:time_since_rest":164135},"minecraft:picked_up":{"minecraft:birch_log":1,"spore:cerebrum":1,"minecraft:feather":2,"minecraft:chicken":1,"biomesoplenty:fir_log":4,"biomesoplenty:fir_sapling":3,"minecraft:gravel":1,"mutationcraft:putrid_claw":11,"minecraft:wither_rose":6,"minecraft:porkchop":1,"minecraft:gunpowder":1,"minecraft:dirt":53,"minecraft:string":3,"biomesoplenty:yellow_autumn_sapling":2,"mutationcraft:assimilated_ender_pearl":1,"demogorgon:blighted_flesh":3,"minecraft:bone":2,"minecraft:arrow":2,"minecraft:wheat_seeds":2,"minecraft:white_wool":1,"minecraft:mutton":1,"witherstormmod:withered_nether_star":1,"spore:mutated_fiber":16,"alexsmobs:banana_slug_slime":2,"spore:spine_fragment":1,"mutationcraft:putrid_heart":1,"minecraft:skeleton_skull":1,"minecraft:coal":1,"witherstormmod:command_block_book":1,"minecraft:cobblestone":6},"minecraft:dropped":{"biomesoplenty:fir_log":3,"minecraft:wheat_seeds":1,"alexsmobs:animal_dictionary":1},"minecraft:used":{"horror_element_mod:human_remains":1,"witherstormmod:withered_symbiont_spawn_egg":1,"minecraft:command_block":3,"horror_element_mod:villager_head":1,"minecraft:wither_skeleton_skull":16,"securitycraft:reinforced_soul_soil":13,"demogorgon:demogorgon_spawn_egg":3,"minecraft:soul_sand":5,"minecraft:potion":3,"cartoon_dweller:cartoon_dweller_spawn_egg":1,"videoplayer:tv_block":7,"minecraft:cooked_beef":19,"biomesoplenty:fir_log":8,"witherstormmod:command_block_sword":2,"horror_element_mod:broken_tv":1},"minecraft:mined":{"minecraft:lilac":1,"biomesoplenty:fir_log":1,"minecraft:grass":4,"minecraft:oak_leaves":1,"minecraft:fern":8}},"DataVersion":3120}