{"stats":{"minecraft:killed":{"demogorgon:demogorgon":1},"minecraft:custom":{"minecraft:time_since_rest":19912,"minecraft:damage_taken":440,"minecraft:crouch_one_cm":837,"minecraft:sprint_one_cm":37195,"minecraft:play_time":19912,"minecraft:damage_absorbed":308,"minecraft:walk_one_cm":55426,"minecraft:sneak_time":339,"minecraft:mob_kills":1,"minecraft:drop":4,"minecraft:jump":505,"minecraft:damage_dealt":381,"minecraft:leave_game":9,"minecraft:walk_on_water_one_cm":29,"minecraft:time_since_death":19912,"minecraft:total_world_time":19912,"minecraft:damage_resisted":582,"minecraft:fall_one_cm":19582,"minecraft:fly_one_cm":87124},"minecraft:picked_up":{"demogorgon:blighted_flesh":1,"minecraft:wheat_seeds":1,"biomesoplenty:fir_log":4},"minecraft:dropped":{"biomesoplenty:fir_log":3,"alexsmobs:animal_dictionary":1},"minecraft:used":{"demogorgon:demogorgon_spawn_egg":1,"horror_element_mod:human_remains":1,"horror_element_mod:broken_tv":1,"horror_element_mod:villager_head":1,"videoplayer:tv_block":2,"biomesoplenty:fir_log":8},"minecraft:mined":{"minecraft:grass":4,"biomesoplenty:fir_log":1,"minecraft:fern":8}},"DataVersion":3120}