{"stats":{"minecraft:killed":{"demogorgon:demogorgon":1,"minecraft:creeper":1},"minecraft:custom":{"minecraft:time_since_rest":31912,"minecraft:damage_taken":885,"minecraft:crouch_one_cm":4858,"minecraft:sprint_one_cm":59841,"minecraft:play_time":31912,"minecraft:damage_absorbed":308,"minecraft:walk_one_cm":84939,"minecraft:sneak_time":2929,"minecraft:walk_under_water_one_cm":1864,"minecraft:mob_kills":2,"minecraft:drop":4,"minecraft:jump":815,"minecraft:damage_dealt":641,"minecraft:leave_game":9,"minecraft:walk_on_water_one_cm":1566,"minecraft:time_since_death":31912,"minecraft:total_world_time":31912,"minecraft:damage_resisted":582,"minecraft:swim_one_cm":4824,"minecraft:fall_one_cm":29975,"minecraft:fly_one_cm":158067,"minecraft:waystone_activated":1},"minecraft:picked_up":{"demogorgon:blighted_flesh":1,"minecraft:bone":1,"minecraft:wheat_seeds":1,"biomesoplenty:fir_log":4,"spore:mutated_fiber":8,"minecraft:skeleton_skull":1,"minecraft:coal":1,"minecraft:string":2,"minecraft:cobblestone":6},"minecraft:dropped":{"biomesoplenty:fir_log":3,"alexsmobs:animal_dictionary":1},"minecraft:used":{"demogorgon:demogorgon_spawn_egg":1,"horror_element_mod:human_remains":1,"horror_element_mod:broken_tv":1,"minecraft:potion":3,"horror_element_mod:villager_head":1,"videoplayer:tv_block":2,"minecraft:cooked_beef":7,"biomesoplenty:fir_log":8},"minecraft:mined":{"minecraft:grass":4,"biomesoplenty:fir_log":1,"minecraft:fern":8}},"DataVersion":3120}