{"stats":{"minecraft:killed":{"spore:inf_pillager":1,"demogorgon:demogorgon":3,"spore:inf_villager":1,"the_knocker:knocker":1,"spore:inf_human":10,"minecraft:pig":1,"mutationcraft:assimilated_human":4,"mimicer:mimicer":1,"mutationcraft:assimilated_pig":1,"minecraft:fox":1,"mutationcraft:assimilated_enderman":1,"bwrtherain:spider_skull":4,"minecraft:creeper":4,"witherstormmod:withered_symbiont":1},"minecraft:custom":{"minecraft:time_since_rest":86738,"minecraft:waystone_activated":1,"minecraft:sprint_one_cm":100968,"minecraft:damage_absorbed":308,"minecraft:damage_taken":3154,"minecraft:walk_one_cm":196432,"minecraft:mob_kills":34,"minecraft:drop":5,"minecraft:damage_dealt":956,"minecraft:swim_one_cm":9534,"minecraft:fly_one_cm":273759,"minecraft:crouch_one_cm":8693,"minecraft:play_time":86738,"minecraft:sneak_time":4650,"minecraft:walk_under_water_one_cm":20548,"minecraft:jump":1278,"minecraft:leave_game":11,"minecraft:time_since_death":86738,"minecraft:walk_on_water_one_cm":8302,"minecraft:total_world_time":86738,"minecraft:damage_resisted":582,"minecraft:fall_one_cm":40044},"minecraft:picked_up":{"spore:cerebrum":1,"mutationcraft:putrid_claw":10,"biomesoplenty:fir_log":4,"minecraft:porkchop":1,"minecraft:gunpowder":1,"minecraft:dirt":7,"minecraft:string":3,"mutationcraft:assimilated_ender_pearl":1,"demogorgon:blighted_flesh":3,"minecraft:arrow":2,"minecraft:bone":2,"minecraft:wheat_seeds":1,"spore:mutated_fiber":16,"spore:spine_fragment":1,"witherstormmod:command_block_book":1,"minecraft:skeleton_skull":1,"mutationcraft:putrid_heart":1,"minecraft:coal":1,"minecraft:cobblestone":6},"minecraft:dropped":{"biomesoplenty:fir_log":3,"minecraft:wheat_seeds":1,"alexsmobs:animal_dictionary":1},"minecraft:used":{"witherstormmod:withered_symbiont_spawn_egg":1,"horror_element_mod:human_remains":1,"horror_element_mod:broken_tv":1,"minecraft:wither_skeleton_skull":16,"minecraft:command_block":3,"horror_element_mod:villager_head":1,"securitycraft:reinforced_soul_soil":13,"demogorgon:demogorgon_spawn_egg":3,"minecraft:soul_sand":5,"minecraft:potion":3,"videoplayer:tv_block":7,"minecraft:cooked_beef":19,"biomesoplenty:fir_log":8,"witherstormmod:command_block_sword":2},"minecraft:mined":{"biomesoplenty:fir_log":1,"minecraft:grass":4,"minecraft:oak_leaves":1,"minecraft:fern":8}},"DataVersion":3120}