{"stats":{"minecraft:mined":{"biomesoplenty:mahogany_log":8},"minecraft:killed":{"mutationcraft:scientist":1,"minecraft:chicken":1},"minecraft:custom":{"minecraft:time_since_rest":2247,"minecraft:damage_taken":540,"minecraft:play_time":12152,"minecraft:crouch_one_cm":1112,"minecraft:sprint_one_cm":53555,"minecraft:walk_one_cm":93427,"minecraft:deaths":2,"minecraft:sneak_time":198,"minecraft:walk_under_water_one_cm":88,"minecraft:mob_kills":2,"minecraft:jump":472,"minecraft:damage_dealt":190,"minecraft:leave_game":25,"minecraft:time_since_death":2191,"minecraft:walk_on_water_one_cm":3308,"minecraft:total_world_time":21492,"minecraft:climb_one_cm":427,"minecraft:interact_with_crafting_table":1,"minecraft:fall_one_cm":21012,"minecraft:fly_one_cm":56180},"minecraft:crafted":{"minecraft:wooden_sword":1,"minecraft:crafting_table":1,"minecraft:stick":8,"biomesoplenty:mahogany_planks":32,"minecraft:wooden_pickaxe":1,"minecraft:wooden_axe":1},"minecraft:picked_up":{"minecraft:stick":2,"minecraft:feather":1,"biomesoplenty:mahogany_log":8,"minecraft:chicken":1,"minecraft:lead":2},"minecraft:used":{"minecraft:wooden_axe":10,"biomesoplenty:mahogany_planks":6,"minecraft:wooden_sword":6,"minecraft:crafting_table":1,"minecraft:chicken":1},"minecraft:killed_by":{"old_goatman:old_goatman":1,"mimic_dweller:mimic_dweller":1}},"DataVersion":3120}