{"stats":{"minecraft:killed":{"spore:inf_pillager":1,"demogorgon:demogorgon":3,"spore:inf_villager":1,"spore:inf_human":10,"minecraft:pig":1,"mutationcraft:assimilated_human":4,"mimicer:mimicer":1,"mutationcraft:assimilated_pig":1,"mutationcraft:assimilated_enderman":1,"bwrtherain:spider_skull":4,"minecraft:creeper":4},"minecraft:custom":{"minecraft:time_since_rest":47643,"minecraft:waystone_activated":1,"minecraft:sprint_one_cm":94533,"minecraft:damage_absorbed":308,"minecraft:damage_taken":2045,"minecraft:walk_one_cm":129812,"minecraft:mob_kills":31,"minecraft:drop":5,"minecraft:damage_dealt":651,"minecraft:swim_one_cm":9534,"minecraft:fly_one_cm":221282,"minecraft:crouch_one_cm":5702,"minecraft:play_time":47643,"minecraft:sneak_time":3463,"minecraft:walk_under_water_one_cm":2110,"minecraft:jump":1111,"minecraft:leave_game":10,"minecraft:time_since_death":47643,"minecraft:walk_on_water_one_cm":7938,"minecraft:total_world_time":47643,"minecraft:damage_resisted":582,"minecraft:fall_one_cm":39833},"minecraft:picked_up":{"spore:cerebrum":1,"mutationcraft:putrid_claw":10,"biomesoplenty:fir_log":4,"minecraft:porkchop":1,"minecraft:gunpowder":1,"minecraft:string":3,"mutationcraft:assimilated_ender_pearl":1,"demogorgon:blighted_flesh":3,"minecraft:arrow":2,"minecraft:bone":2,"minecraft:wheat_seeds":1,"spore:mutated_fiber":16,"spore:spine_fragment":1,"minecraft:skeleton_skull":1,"mutationcraft:putrid_heart":1,"minecraft:coal":1,"minecraft:cobblestone":6},"minecraft:dropped":{"biomesoplenty:fir_log":3,"minecraft:wheat_seeds":1,"alexsmobs:animal_dictionary":1},"minecraft:used":{"horror_element_mod:human_remains":1,"horror_element_mod:broken_tv":1,"horror_element_mod:villager_head":1,"demogorgon:demogorgon_spawn_egg":3,"minecraft:potion":3,"videoplayer:tv_block":2,"minecraft:cooked_beef":19,"biomesoplenty:fir_log":8},"minecraft:mined":{"biomesoplenty:fir_log":1,"minecraft:grass":4,"minecraft:oak_leaves":1,"minecraft:fern":8}},"DataVersion":3120}