{"stats":{"minecraft:custom":{"minecraft:time_since_rest":83951,"minecraft:sprint_one_cm":15032,"minecraft:walk_one_cm":61330,"minecraft:drop":5,"minecraft:damage_dealt":40,"minecraft:fly_one_cm":519156,"minecraft:play_time":83951,"minecraft:crouch_one_cm":6345,"minecraft:sneak_time":3705,"minecraft:walk_under_water_one_cm":456,"minecraft:jump":272,"minecraft:leave_game":3,"minecraft:time_since_death":83951,"minecraft:walk_on_water_one_cm":2660,"minecraft:total_world_time":83951},"minecraft:used":{"minecraft:water_bucket":211,"minecraft:end_rod":6,"minecraft:sea_lantern":3,"minecraft:iron_bars":5,"minecraft:quartz_pillar":199,"biomesoplenty:pink_daffodil":34,"quark:lavender_blossom_leaf_carpet":22,"minecraft:quartz_slab":24,"minecraft:grass_block":290,"quark:cherry_leaf_carpet":55,"redeco:pink_pet_bed":3,"minecraft:quartz_block":38,"minecraft:polished_diorite_slab":387,"biomesoplenty:white_lavender":21,"biomesoplenty:white_petals":327,"minecraft:diorite_wall":17,"minecraft:beacon":4,"minecraft:quartz_stairs":33,"biomesoplenty:glowflower":79,"quark:dirt_bricks":41,"quark:blue_blossom_leaf_carpet":31,"minecraft:pink_petals":103,"minecraft:dirt":4,"minecraft:lily_of_the_valley":57,"minecraft:dark_oak_fence":16,"quark:red_blossom_leaf_carpet":30,"minecraft:chiseled_quartz_block":11,"quark:orange_blossom_leaf_carpet":31},"minecraft:picked_up":{"biomesoplenty:lavender":18,"minecraft:polished_diorite_slab":1,"minecraft:water_bucket":1,"minecraft:quartz_pillar":3,"minecraft:lily_of_the_valley":2,"quark:blue_blossom_leaf_carpet":1,"biomesoplenty:tall_lavender":2},"minecraft:dropped":{"minecraft:water_bucket":1,"minecraft:polished_diorite_slab":1,"minecraft:quartz_pillar":3}},"DataVersion":3465}