{"stats":{"minecraft:picked_up":{"biomesoplenty:lavender":189,"minecraft:stick":2,"minecraft:polished_diorite_slab":1,"alexsmobs:maraca":12,"minecraft:water_bucket":1,"alexsmobs:sombrero":1,"minecraft:quartz_pillar":3,"chococraft:gysahl_green_seeds":1,"minecraft:grass_block":1,"biomesoplenty:rainbow_birch_sapling":1,"minecraft:lily_of_the_valley":2,"quark:blue_blossom_leaf_carpet":3,"artifacts:shock_pendant":1,"biomesoplenty:tall_lavender":34,"chococraft:gysahl_green":2,"minecraft:wheat_seeds":24,"alexsmobs:cockroach_wing_fragment":7},"minecraft:dropped":{"minecraft:water_bucket":1,"minecraft:polished_diorite_slab":1,"minecraft:wooden_axe":1,"artifacts:flame_pendant":1,"minecraft:quartz_pillar":3,"minecraft:grass_block":1,"alexsmobs:maraca":2},"minecraft:custom":{"minecraft:time_since_rest":324353,"minecraft:sprint_one_cm":102671,"minecraft:damage_taken":372,"minecraft:walk_one_cm":278357,"minecraft:mob_kills":10,"minecraft:drop":10,"minecraft:damage_dealt":894,"minecraft:swim_one_cm":539,"minecraft:talked_to_villager":1,"minecraft:fly_one_cm":2893812,"waystones:waystone_activated":3,"minecraft:crouch_one_cm":29460,"minecraft:play_time":324353,"minecraft:walk_under_water_one_cm":9322,"minecraft:sneak_time":15750,"minecraft:jump":1347,"minecraft:leave_game":6,"minecraft:walk_on_water_one_cm":6415,"minecraft:time_since_death":324353,"minecraft:total_world_time":324353},"minecraft:killed":{"alexsmobs:cockroach":10},"minecraft:used":{"minecraft:netherite_sword":10,"minecraft:oak_fence":17,"minecraft:wooden_axe":4,"minecraft:water_bucket":211,"minecraft:end_rod":6,"minecraft:sea_lantern":3,"minecraft:apple":11,"minecraft:iron_bars":5,"minecraft:quartz_pillar":209,"biomesoplenty:pink_daffodil":34,"quark:lavender_blossom_leaf_carpet":22,"minecraft:quartz_slab":24,"minecraft:oak_stairs":3,"minecraft:grass_block":1295,"quark:cherry_leaf_carpet":55,"redeco:pink_pet_bed":3,"minecraft:quartz_block":38,"minecraft:polished_diorite_slab":387,"biomesoplenty:white_lavender":21,"minecraft:diorite_wall":17,"biomesoplenty:white_petals":327,"alexsmobs:spawn_egg_cockroach":16,"biomesoplenty:glowflower":79,"minecraft:quartz_stairs":41,"minecraft:beacon":4,"quark:dirt_bricks":244,"minecraft:pink_petals":103,"quark:blue_blossom_leaf_carpet":33,"minecraft:dirt":4,"alexsmobs:maraca":70,"minecraft:lily_of_the_valley":57,"minecraft:black_stained_glass":22,"minecraft:dark_oak_fence":16,"quark:red_blossom_leaf_carpet":30,"minecraft:chiseled_quartz_block":11,"minecraft:white_concrete":246,"minecraft:enchanted_golden_apple":7,"quark:orange_blossom_leaf_carpet":31}},"DataVersion":3465}