{"stats":{"minecraft:picked_up":{"biomesoplenty:lavender":189,"minecraft:barrier":6,"alexsmobs:maraca":12,"minecraft:polished_diorite_slab":1,"minecraft:water_bucket":1,"easy_npc:humanoid_spawn_egg":2,"minecraft:enchanted_book":2,"minecraft:gunpowder":1,"biomesoplenty:rainbow_birch_sapling":1,"artifacts:shock_pendant":1,"biomesoplenty:tall_lavender":34,"minecraft:bone":1,"chococraft:gysahl_green":2,"minecraft:wheat_seeds":24,"minecraft:netherite_sword":1,"alexsmobs:cockroach_wing_fragment":7,"minecraft:enchanted_golden_apple":6,"lightmanscurrency:coin_iron":5,"easy_npc:easy_npc_wand":1,"minecraft:stick":2,"alexsmobs:sombrero":1,"minecraft:quartz_pillar":3,"chococraft:gysahl_green_seeds":1,"minecraft:grass_block":1,"minecraft:lily_of_the_valley":2,"quark:blue_blossom_leaf_carpet":3,"lightmanscurrency:coin_copper":5,"minecraft:arrow":1,"minecraft:rotten_flesh":3},"minecraft:custom":{"minecraft:mob_kills":16,"minecraft:leave_game":7,"minecraft:time_since_death":347081,"minecraft:climb_one_cm":771,"minecraft:time_since_rest":347081,"minecraft:sprint_one_cm":146991,"minecraft:damage_taken":397,"minecraft:walk_one_cm":326953,"minecraft:drop":26,"minecraft:damage_dealt":2104,"minecraft:swim_one_cm":539,"minecraft:talked_to_villager":1,"minecraft:fly_one_cm":3048485,"minecraft:crouch_one_cm":32444,"waystones:waystone_activated":3,"minecraft:play_time":347081,"minecraft:sneak_time":16847,"minecraft:walk_under_water_one_cm":9322,"minecraft:jump":1759,"minecraft:walk_on_water_one_cm":6415,"minecraft:total_world_time":347081},"minecraft:dropped":{"minecraft:enchanted_book":2,"minecraft:water_bucket":1,"minecraft:polished_diorite_slab":1,"minecraft:netherite_sword":1,"minecraft:barrier":6,"minecraft:enchanted_golden_apple":6,"artifacts:flame_pendant":1,"minecraft:quartz_pillar":3,"minecraft:grass_block":1,"alexsmobs:maraca":2,"easy_npc:humanoid_spawn_egg":1,"minecraft:wooden_axe":1},"minecraft:killed":{"minecraft:creeper":1,"minecraft:skeleton":2,"alexsmobs:cockroach":10,"minecraft:zombie":2,"minecraft:villager":1},"minecraft:used":{"minecraft:oak_fence":17,"minecraft:water_bucket":211,"minecraft:netherite_sword":18,"minecraft:end_rod":6,"minecraft:iron_bars":5,"minecraft:polished_diorite_slab":387,"minecraft:beacon":4,"minecraft:quartz_stairs":41,"alexsmobs:spawn_egg_cockroach":16,"biomesoplenty:glowflower":79,"minecraft:dirt":4,"alexsmobs:maraca":70,"minecraft:lily_of_the_valley":57,"minecraft:lime_bed":1,"quark:red_blossom_leaf_carpet":30,"minecraft:chiseled_quartz_block":11,"quark:orange_blossom_leaf_carpet":31,"minecraft:wooden_axe":4,"minecraft:sea_lantern":3,"minecraft:apple":11,"minecraft:quartz_pillar":209,"minecraft:villager_spawn_egg":1,"biomesoplenty:pink_daffodil":34,"quark:lavender_blossom_leaf_carpet":22,"minecraft:quartz_slab":24,"minecraft:grass_block":1295,"minecraft:oak_stairs":3,"quark:cherry_leaf_carpet":55,"redeco:pink_pet_bed":3,"minecraft:quartz_block":38,"biomesoplenty:white_lavender":21,"biomesoplenty:white_petals":327,"minecraft:diorite_wall":17,"quark:blue_blossom_leaf_carpet":33,"quark:dirt_bricks":244,"minecraft:pink_petals":103,"minecraft:diamond_sword":8,"minecraft:black_stained_glass":22,"minecraft:dark_oak_fence":16,"minecraft:white_concrete":247,"minecraft:enchanted_golden_apple":7}},"DataVersion":3465}