{"stats":{"minecraft:custom":{"minecraft:mob_kills":31,"minecraft:leave_game":9,"minecraft:time_since_death":473757,"minecraft:climb_one_cm":248,"minecraft:time_since_rest":473757,"minecraft:sprint_one_cm":42403,"minecraft:walk_one_cm":401944,"minecraft:drop":26,"minecraft:damage_dealt":2750,"minecraft:talked_to_villager":3,"minecraft:fly_one_cm":2036755,"waystones:waystone_activated":3,"minecraft:crouch_one_cm":3353,"minecraft:play_time":473757,"minecraft:sneak_time":9518,"minecraft:walk_under_water_one_cm":1077,"minecraft:jump":360,"minecraft:walk_on_water_one_cm":3871,"minecraft:total_world_time":473757,"minecraft:horse_one_cm":400},"minecraft:used":{"minecraft:oak_fence":16,"quark:polished_calcite_slab":1,"alexscaves:bioluminescent_torch":3,"minecraft:water_bucket":110,"minecraft:netherite_sword":41,"minecraft:end_rod":4,"minecraft:iron_bars":6,"minecraft:flint_and_steel":354,"fairylights:hanging_lights":10,"minecraft:prismarine":383,"biomesoplenty:redwood_sapling":4,"minecraft:polished_diorite_slab":211,"tanukidecor:log_bench":2,"biomesoplenty:empyreal_sapling":7,"biomesoplenty:flowering_oak_sapling":6,"quark:indigo_corundum_cluster":3,"farm_and_charm:supply_cart":1,"quark:white_corundum_cluster":11,"minecraft:magenta_stained_glass":27,"alexsmobs:spawn_egg_cockroach":16,"biomesoplenty:lavender":1,"quark:flowering_azalea_leaf_carpet":1,"biomesoplenty:glowflower":8,"minecraft:quartz_stairs":55,"minecraft:dark_oak_trapdoor":1,"minecraft:smooth_quartz_stairs":3,"minecraft:large_amethyst_bud":9,"fairylights:paper_lantern":5,"luphieclutteredmod:luphie_mushroom_lamp":2,"quark:lavender_blossom_hedge":83,"fairylights:heart_light":2,"minecraft:torch":6,"parcool:zipline_rope":5,"biomesoplenty:rainbow_birch_sapling":4,"quark:blue_corundum_cluster":11,"easy_npc:humanoid_slim_spawn_egg":2,"minecraft:dirt":39,"alexsmobs:maraca":51,"minecraft:lily_of_the_valley":9,"ribbits:toadstool":4,"redeco:stone_lantern":3,"perfectplushies:white_rabbit_plushie":1,"alexscaves:glow_ink_bomb":31,"quark:red_blossom_leaf_carpet":7,"quark:lavender_blossom_leaves":3,"spawn:sunflower":5,"farmersdelight:white_canvas_sign":11,"quark:lavender_blossom_sapling":4,"biomesoplenty:wildflower":4,"easy_npc:humanoid_spawn_egg":1,"minecraft:oak_fence_gate":3,"minecraft:light_blue_stained_glass":24,"fairylights:flower_light":13,"quark:orange_blossom_leaf_carpet":7,"biomesoplenty:magic_sapling":4,"biomesoplenty:redwood_log":1,"quark:stripped_spruce_post":1,"waystones:waystone":3,"minecraft:purple_stained_glass":8,"ambientadditions:blowgun":6,"biomesoplenty:bush":2,"minecraft:amethyst_cluster":185,"minecraft:wooden_axe":1,"biomesoplenty:tall_white_lavender":2,"parcool:iron_zipline_hook":10,"cnb:flower_crown":1,"easy_npc:cat_spawn_egg":1,"minecraft:sea_lantern":8,"quark:yellow_corundum_cluster":10,"minecraft:apple":4,"quark:red_corundum_cluster":2,"minecraft:yellow_stained_glass":18,"quark:calcite_slab":67,"quark:gold_bars":1,"minecraft:quartz_pillar":398,"biomesoplenty:tall_lavender":1,"biomesoplenty:pink_daffodil":12,"farm_and_charm:plow":3,"quark:lavender_blossom_leaf_carpet":10,"minecraft:quartz_slab":68,"minecraft:lantern":59,"minecraft:grass_block":1488,"quark:cherry_leaf_carpet":26,"minecraft:birch_hanging_sign":1,"quark:polished_calcite_vertical_slab":1,"minecraft:verdant_froglight":1,"minecraft:quartz_block":395,"farmersdelight:light_gray_canvas_sign":1,"biomesoplenty:white_lavender":5,"biomesoplenty:white_petals":116,"quark:orange_corundum_cluster":5,"tanukidecor:wooden_block_bench":2,"minecraft:smooth_quartz":7,"fairylights:icicle_lights":5,"minecraft:diorite_wall":177,"quark:stripped_oak_post":3,"minecraft:budding_amethyst":18,"biomesoplenty:jacaranda_log":17,"brewery:bench":1,"quark:spruce_vertical_slab":2,"quark:dirt_bricks":852,"minecraft:pink_petals":51,"quark:blue_blossom_leaf_carpet":16,"biomesoplenty:jacaranda_sapling":4,"mowziesmobs:spear":10,"redeco:spruce_bench":25,"perfectplushies:wandering_plushie_trader_spawn_egg":1,"minecraft:dark_oak_fence":32,"biomesoplenty:rose_quartz_block":1,"luphieclutteredmod:luphie_mushroom_table":1,"minecraft:pink_stained_glass":26,"farm_and_charm:pitchfork":1,"minecraft:pearlescent_froglight":514,"ribbits:swamp_daisy":1,"biomesoplenty:large_rose_quartz_bud":1,"minecraft:white_concrete":88,"minecraft:coarse_dirt":18,"biomesoplenty:magic_leaves":4,"minecraft:oak_hanging_sign":3,"biomesoplenty:jacaranda_leaves":5,"biomesoplenty:jacaranda_sign":2,"minecraft:bone_meal":213,"quark:waxed_red_corundum":1,"alexscaves:magic_conch":2,"fairylights:incandescent_light":1},"minecraft:killed":{"vinery:wandering_winemaker":1,"perfectplushies:wandering_plushie_trader":1,"vinery:mule":2,"alexsmobs:cockroach":27},"minecraft:dropped":{"redeco:stone_lantern":1,"artifacts:shock_pendant":1,"minecraft:lead":2,"mowziesmobs:spear":2,"brewery:brewfest_dress":2,"minecraft:pumpkin_seeds":3,"alexsmobs:maraca":1,"minecraft:dirt":1,"ribbits:maraca":7,"minecraft:grass":1,"minecraft:diorite_wall":1,"minecraft:beetroot_seeds":3,"minecraft:smooth_quartz":1},"minecraft:picked_up":{"minecraft:wooden_axe":1,"biomesoplenty:lavender":549,"alexsmobs:maraca":14,"fairylights:paper_lantern":1,"minecraft:lead":4,"biomesoplenty:jacaranda_sapling":2,"artifacts:flame_pendant":1,"mowziesmobs:spear":1,"brewery:brewfest_dress":2,"farm_and_charm:plow":2,"minecraft:lantern":3,"biomesoplenty:tall_lavender":64,"redeco:stone_lantern":1,"parcool:iron_zipline_hook":1,"minecraft:wheat_seeds":58,"alexsmobs:cockroach_wing_fragment":9,"ribbits:maraca":7,"fairylights:flower_light":1,"minecraft:stick":1,"alexsmobs:sombrero":1,"minecraft:amethyst_shard":14,"minecraft:pumpkin_seeds":3,"parcool:zipline_rope":2,"minecraft:beetroot_seeds":3,"farm_and_charm:supply_cart":1,"minecraft:grass":1,"farmersdelight:white_canvas_sign":2,"biomesoplenty:redwood_sapling":3}},"DataVersion":3465}