{"stats":{"minecraft:crafted":{"minecraft:bone":1},"minecraft:killed":{"alexsmobs:cosmic_cod":1,"minecraft:spider":1,"alexsmobs:cosmaw":2,"vinery:mule":4,"ghosts:ghost":1,"ghosts:small_ghost":14,"vinery:wandering_winemaker":3,"perfectplushies:wandering_plushie_trader":1,"alexsmobs:endergrade":1,"alexsmobs:cockroach":27},"minecraft:picked_up":{"minecraft:wooden_axe":1,"alexsmobs:cosmic_cod":1,"alexsmobs:maraca":14,"minecraft:brown_mushroom":3,"minecraft:lead":6,"biomesoplenty:jacaranda_sapling":2,"mowziesmobs:spear":1,"farm_and_charm:plow":2,"biomesoplenty:tall_lavender":64,"minecraft:stick":1,"parcool:zipline_rope":2,"minecraft:beetroot_seeds":3,"farm_and_charm:supply_cart":1,"farmersdelight:white_canvas_sign":2,"biomesoplenty:redwood_sapling":3,"biomesoplenty:lavender":549,"fairylights:paper_lantern":1,"minecraft:red_mushroom":2,"artifacts:flame_pendant":1,"brewery:brewfest_dress":2,"minecraft:lantern":4,"redeco:stone_lantern":1,"parcool:iron_zipline_hook":1,"minecraft:wheat_seeds":61,"alexsmobs:cockroach_wing_fragment":9,"ribbits:maraca":10,"fairylights:flower_light":1,"lightmanscurrency:coin_iron":2,"easy_npc:easy_npc_wand":1,"alexsmobs:sombrero":1,"minecraft:amethyst_shard":14,"minecraft:pumpkin_seeds":3,"minecraft:grass":1},"minecraft:dropped":{"easy_npc:easy_npc_wand":1,"redeco:stone_lantern":1,"artifacts:shock_pendant":1,"minecraft:lead":2,"brewery:brewfest_dress":2,"alexsmobs:maraca":1,"minecraft:dirt":1,"ribbits:maraca":10,"minecraft:grass":1,"quark:blossom_log":1,"minecraft:smooth_quartz":1,"mowziesmobs:spear":2,"minecraft:pumpkin_seeds":3,"quark:white_corundum_cluster":1,"minecraft:diorite_wall":1,"minecraft:beetroot_seeds":3},"minecraft:custom":{"minecraft:mob_kills":55,"minecraft:leave_game":18,"minecraft:time_since_death":988128,"minecraft:climb_one_cm":726,"minecraft:sprint_one_cm":107199,"minecraft:walk_one_cm":704453,"minecraft:drop":32,"minecraft:talked_to_villager":4,"minecraft:play_time":988128,"minecraft:sneak_time":15160,"minecraft:walk_under_water_one_cm":2061,"minecraft:jump":765,"minecraft:walk_on_water_one_cm":5566,"minecraft:total_world_time":988128,"minecraft:traded_with_villager":1,"minecraft:interact_with_cartography_table":1,"minecraft:time_since_rest":988128,"minecraft:damage_dealt":5950,"minecraft:swim_one_cm":4052,"minecraft:fly_one_cm":4437869,"minecraft:crouch_one_cm":8176,"waystones:waystone_activated":4,"minecraft:horse_one_cm":400},"minecraft:used":{"alexscaves:magic_conch":2,"minecraft:oak_fence":16,"alexscaves:bioluminescent_torch":5,"minecraft:netherite_sword":97,"minecraft:writable_book":2,"minecraft:iron_bars":6,"minecraft:flint_and_steel":354,"fairylights:hanging_lights":10,"minecraft:oak_sign":14,"minecraft:light_gray_carpet":8,"tanukidecor:log_bench":2,"biomesoplenty:empyreal_sapling":7,"tanukidecor:red_mushroom_stool":2,"ghosts:ghost_spawn_egg":1,"farm_and_charm:supply_cart":1,"quark:white_corundum_cluster":11,"quark:paper_lantern":3,"quark:flowering_azalea_leaf_carpet":1,"quark:indigo_corundum_cluster":3,"alexsmobs:spawn_egg_cockroach":16,"minecraft:quartz_stairs":59,"fairylights:heart_light":2,"minecraft:torch":6,"quark:lavender_blossom_hedge":92,"easy_npc:humanoid_slim_spawn_egg":10,"minecraft:lily_of_the_valley":9,"quark:blue_corundum_cluster":11,"minecraft:dirt":52,"alexsmobs:maraca":51,"ribbits:toadstool":22,"luphieclutteredmod:luphie_mushroom_lamp":2,"redeco:stone_lantern":3,"minecraft:spruce_stairs":13,"perfectplushies:white_rabbit_plushie":1,"alexscaves:glow_ink_bomb":31,"quark:red_blossom_leaf_carpet":7,"quark:lavender_blossom_leaves":3,"ribbits:toadstool_stem":56,"tanukidecor:long_display_case":3,"tanukidecor:red_mushroom_log_stool":4,"farmersdelight:white_canvas_sign":17,"quark:lavender_blossom_sapling":4,"minecraft:glow_lichen":13,"easy_npc:humanoid_spawn_egg":5,"minecraft:light_blue_stained_glass":24,"fairylights:flower_light":13,"minecraft:oak_fence_gate":3,"biomesoplenty:redwood_log":1,"quark:dirt_bricks_stairs":16,"easy_npc:allay_spawn_egg":22,"ambientadditions:blowgun":11,"minecraft:wooden_axe":1,"chiselsandbits:modification_table":2,"minecraft:sea_lantern":8,"minecraft:quartz_pillar":398,"quark:yellow_corundum_cluster":10,"quark:calcite_slab":67,"quark:lavender_blossom_leaf_carpet":10,"minecraft:quartz_slab":68,"minecraft:yellow_stained_glass":18,"minecraft:lantern":61,"minecraft:grass_block":1509,"ribbits:umbrella_leaf":6,"quark:cherry_leaf_carpet":26,"biomesoplenty:tall_lavender":1,"quark:polished_calcite_vertical_slab":1,"minecraft:birch_hanging_sign":1,"minecraft:quartz_block":395,"biomesoplenty:white_lavender":5,"biomesoplenty:white_petals":116,"quark:orange_corundum_cluster":5,"minecraft:smooth_quartz":7,"fairylights:icicle_lights":5,"quark:stripped_oak_post":5,"minecraft:diorite_wall":199,"tanukidecor:wooden_block_bench":2,"biomesoplenty:jacaranda_log":17,"quark:spruce_vertical_slab":2,"quark:dirt_bricks":1001,"biomesoplenty:jacaranda_sapling":4,"alexsmobs:spawn_egg_endergrade":1,"mowziesmobs:spear":10,"quark:oak_vertical_slab":9,"minecraft:black_dye":1,"biomesoplenty:rose_quartz_block":1,"ribbits:brown_toadstool":42,"farm_and_charm:pitchfork":1,"quark:ancient_ladder":1,"ribbits:swamp_daisy":19,"minecraft:pearlescent_froglight":514,"biomesoplenty:jacaranda_fence":11,"biomesoplenty:magic_leaves":4,"tanukidecor:cuckoo_clock":1,"quark:glowing_glass_item_frame":1,"fairylights:incandescent_light":1,"quark:polished_calcite_slab":1,"quark:ancient_planks_vertical_slab":10,"minecraft:water_bucket":110,"easy_npc:easy_npc_wand":66,"minecraft:end_rod":4,"brewery:potato_salad":7,"minecraft:prismarine":383,"easy_npc:easy_npc_preset":1,"biomesoplenty:redwood_sapling":4,"minecraft:cartography_table":2,"minecraft:polished_diorite_slab":211,"bakery:bread_crate":2,"quark:ancient_fence":95,"ribbits:ribbit_nitwit_spawn_egg":6,"luphieclutteredmod:luphie_cardboard_box_filled":3,"minecraft:magenta_stained_glass":32,"biomesoplenty:lavender":1,"biomesoplenty:flowering_oak_sapling":6,"minecraft:white_dye":1,"biomesoplenty:glowflower":8,"quark:flowering_azalea_hedge":2,"fairylights:paper_lantern":5,"minecraft:large_amethyst_bud":9,"minecraft:smooth_quartz_stairs":3,"biomesoplenty:rainbow_birch_sapling":4,"parcool:zipline_rope":5,"minecraft:dark_oak_trapdoor":1,"tanukidecor:rough_log_bench":7,"tanukidecor:wide_red_streamer":2,"spawn:sunflower":5,"minecraft:campfire":2,"biomesoplenty:wildflower":4,"minecraft:mushroom_stem":135,"biomesoplenty:magic_sapling":4,"minecraft:amethyst_cluster":185,"quark:orange_blossom_leaf_carpet":7,"quark:glass_item_frame":1,"littleframes:creative_pic_frame":8,"easy_npc:chicken_spawn_egg":4,"farmersdelight:black_canvas_sign":2,"minecraft:purple_stained_glass":8,"biomesoplenty:tall_white_lavender":2,"waystones:waystone":4,"parcool:iron_zipline_hook":10,"quark:stripped_spruce_post":1,"biomesoplenty:bush":2,"alexsmobs:cosmic_cod":1,"cnb:flower_crown":1,"minecraft:flower_pot":4,"vinery:storage_pot":1,"easy_npc:cat_spawn_egg":2,"minecraft:apple":4,"tanukidecor:red_mushroom_lamp":3,"easy_npc:iron_golem_spawn_egg":10,"quark:red_corundum_cluster":2,"biomesoplenty:pink_daffodil":12,"brewery:patterned_carpet":1,"tanukidecor:red_mushroom_table":1,"farm_and_charm:plow":3,"quark:gold_bars":1,"vinery:flower_pot_big":1,"alexsmobs:spawn_egg_cosmaw":2,"vinery:flower_box":1,"minecraft:barrier":7,"minecraft:verdant_froglight":1,"quark:blossom_sign":1,"minecraft:lectern":4,"farmersdelight:light_gray_canvas_sign":1,"ribbits:red_toadstool":73,"minecraft:budding_amethyst":18,"brewery:bench":2,"ribbits:mossy_oak_door":7,"moa_decor_cookery:sandwich":1,"minecraft:pink_petals":51,"quark:blue_blossom_leaf_carpet":16,"ghosts:small_ghost_spawn_egg":16,"redeco:spruce_bench":33,"minecraft:azalea_leaves":3,"redeco:birch_coffee_table":3,"perfectplushies:wandering_plushie_trader_spawn_egg":1,"minecraft:dark_oak_fence":32,"luphieclutteredmod:luphie_mushroom_table":1,"minecraft:pink_stained_glass":26,"minecraft:white_concrete":88,"minecraft:coarse_dirt":18,"biomesoplenty:jacaranda_leaves":5,"minecraft:oak_hanging_sign":3,"biomesoplenty:large_rose_quartz_bud":1,"ribbits:swamp_lantern":28,"biomesoplenty:jacaranda_sign":2,"minecraft:bone_meal":213,"quark:waxed_red_corundum":1,"easy_npc:wolf_spawn_egg":1,"alexsmobs:spawn_egg_cosmic_cod":1}},"DataVersion":3465}