{"stats":{"minecraft:custom":{"minecraft:mob_kills":143,"minecraft:leave_game":23,"minecraft:time_since_death":1153123,"minecraft:climb_one_cm":4231,"minecraft:walk_one_cm":843218,"minecraft:sprint_one_cm":132784,"minecraft:drop":37,"minecraft:talked_to_villager":4,"minecraft:play_time":1153123,"minecraft:sneak_time":18547,"minecraft:walk_under_water_one_cm":15014,"minecraft:jump":992,"minecraft:walk_on_water_one_cm":49245,"minecraft:total_world_time":1153123,"minecraft:traded_with_villager":2,"minecraft:interact_with_cartography_table":1,"minecraft:time_since_rest":1153123,"minecraft:damage_dealt":9590,"minecraft:fly_one_cm":4666618,"minecraft:swim_one_cm":4052,"minecraft:crouch_one_cm":11922,"waystones:waystone_activated":8,"minecraft:horse_one_cm":400},"minecraft:used":{"alexscaves:magic_conch":2,"minecraft:oak_fence":16,"alexscaves:bioluminescent_torch":5,"minecraft:netherite_sword":203,"minecraft:writable_book":2,"lightmanscurrency:shelf_oak":8,"minecraft:iron_bars":6,"minecraft:flint_and_steel":354,"redeco:birch_stool":2,"fairylights:hanging_lights":10,"minecraft:pufferfish_spawn_egg":7,"minecraft:oak_sign":19,"minecraft:light_gray_carpet":8,"tanukidecor:log_bench":2,"biomesoplenty:empyreal_sapling":7,"minecraft:axolotl_spawn_egg":7,"farm_and_charm:supply_cart":2,"tanukidecor:red_mushroom_stool":2,"ghosts:ghost_spawn_egg":1,"quark:white_corundum_cluster":11,"redeco:oak_table":1,"quark:flowering_azalea_leaf_carpet":1,"quark:paper_lantern":3,"astikorcarts:animal_cart":1,"quark:indigo_corundum_cluster":3,"alexsmobs:spawn_egg_cockroach":16,"minecraft:quartz_stairs":59,"minecraft:farmland":36,"easy_npc:humanoid_slim_spawn_egg":14,"fairylights:heart_light":2,"minecraft:torch":6,"quark:lavender_blossom_hedge":92,"minecraft:lily_of_the_valley":9,"quark:blue_corundum_cluster":11,"minecraft:brewing_stand":3,"minecraft:dirt":96,"alexsmobs:maraca":51,"ribbits:toadstool":28,"luphieclutteredmod:luphie_mushroom_lamp":2,"redeco:stone_lantern":12,"ribbits:ribbit_gardener_spawn_egg":1,"quark:hollow_mangrove_log":1,"perfectplushies:frog_plushie":7,"alexsmobs:spawn_egg_flying_fish":2,"minecraft:spruce_stairs":13,"perfectplushies:white_rabbit_plushie":1,"alexscaves:glow_ink_bomb":31,"quark:red_blossom_leaf_carpet":7,"minecraft:cobblestone_wall":39,"quark:lavender_blossom_leaves":3,"ribbits:toadstool_stem":286,"tanukidecor:long_display_case":5,"tanukidecor:red_mushroom_log_stool":8,"farmersdelight:white_canvas_sign":17,"quark:lavender_blossom_sapling":4,"minecraft:glow_lichen":36,"easy_npc:humanoid_spawn_egg":5,"minecraft:light_blue_stained_glass":24,"fairylights:flower_light":13,"minecraft:oak_fence_gate":3,"biomesoplenty:redwood_log":1,"minecraft:wooden_axe":1,"chiselsandbits:modification_table":2,"tanukidecor:wooden_block_bookshelf":1,"easy_npc:allay_spawn_egg":22,"quark:birch_ladder":10,"ambientadditions:blowgun":11,"quark:dirt_bricks_stairs":103,"minecraft:sea_lantern":8,"redeco:birch_display_case":10,"quark:yellow_corundum_cluster":10,"minecraft:quartz_pillar":398,"quark:calcite_slab":67,"minecraft:yellow_stained_glass":18,"quark:lavender_blossom_leaf_carpet":10,"minecraft:quartz_slab":68,"minecraft:lantern":61,"minecraft:grass_block":1542,"ribbits:umbrella_leaf":15,"quark:cherry_leaf_carpet":26,"biomesoplenty:tall_lavender":1,"quark:polished_calcite_vertical_slab":1,"minecraft:quartz_block":395,"minecraft:birch_hanging_sign":1,"alexsmobs:spawn_egg_devils_hole_pupfish":9,"biomesoplenty:white_lavender":5,"bakery:wall_display":2,"fairylights:icicle_lights":5,"tanukidecor:wooden_block_bench":2,"biomesoplenty:white_petals":116,"quark:orange_corundum_cluster":5,"minecraft:smooth_quartz":7,"minecraft:tropical_fish_spawn_egg":40,"quark:stripped_oak_post":5,"redeco:birch_table":4,"minecraft:diorite_wall":199,"biomesoplenty:jacaranda_log":17,"quark:spruce_vertical_slab":2,"minecraft:stone_bricks":48,"farmersdelight:canvas_rug":21,"minecraft:item_frame":6,"quark:dirt_bricks":1139,"biomesoplenty:jacaranda_sapling":4,"mowziesmobs:spear":10,"alexsmobs:spawn_egg_endergrade":1,"farmersdelight:purple_canvas_sign":1,"quark:oak_vertical_slab":9,"ribbits:ribbit_merchant_spawn_egg":1,"minecraft:black_dye":1,"tanukidecor:handcart":2,"biomesoplenty:rose_quartz_block":1,"alexscaves:spawn_egg_tripodfish":2,"minecraft:beetroot_seeds":21,"quark:ancient_ladder":1,"ribbits:brown_toadstool":131,"farm_and_charm:pitchfork":1,"ribbits:swamp_daisy":28,"minecraft:pearlescent_froglight":514,"biomesoplenty:jacaranda_fence":62,"biomesoplenty:magic_leaves":4,"tanukidecor:cuckoo_clock":1,"quark:glowing_glass_item_frame":21,"fairylights:incandescent_light":1,"quark:polished_calcite_slab":1,"minecraft:water_bucket":167,"quark:ancient_planks_vertical_slab":10,"easy_npc:easy_npc_wand":66,"minecraft:end_rod":4,"brewery:potato_salad":7,"tanukidecor:red_science_pod":1,"redeco:oak_plank_gate":2,"ribbits:ribbit_fisherman_spawn_egg":1,"biomesoplenty:redwood_sapling":4,"minecraft:prismarine":383,"ribbits:ribbit_sorcerer_spawn_egg":3,"easy_npc:easy_npc_preset":1,"minecraft:cartography_table":2,"quark:abacus":5,"minecraft:polished_diorite_slab":211,"bakery:bread_crate":2,"minecraft:red_mushroom_block":52,"biomesoplenty:flowering_oak_sapling":6,"quark:ancient_fence":117,"minecraft:magenta_stained_glass":32,"luphieclutteredmod:luphie_cardboard_box_filled":3,"ribbits:ribbit_nitwit_spawn_egg":10,"minecraft:composter":2,"biomesoplenty:lavender":1,"minecraft:white_dye":1,"alexscaves:spawn_egg_lanternfish":2,"biomesoplenty:glowflower":8,"quark:flowering_azalea_hedge":2,"fairylights:paper_lantern":5,"minecraft:large_amethyst_bud":9,"minecraft:smooth_quartz_stairs":3,"biomesoplenty:rainbow_birch_sapling":4,"minecraft:mossy_cobblestone":42,"parcool:zipline_rope":5,"minecraft:dark_oak_trapdoor":1,"tanukidecor:rough_log_bench":11,"redeco:birch_side_table":1,"tanukidecor:wide_red_streamer":2,"spawn:sunflower":5,"minecraft:campfire":2,"quark:orange_blossom_leaf_carpet":7,"biomesoplenty:wildflower":4,"biomesoplenty:bush":2,"farmersdelight:black_canvas_sign":2,"easy_npc:chicken_spawn_egg":4,"biomesoplenty:magic_sapling":4,"minecraft:mushroom_stem":168,"tanukidecor:wide_yellow_streamer":2,"quark:glass_item_frame":1,"minecraft:oak_log":5,"minecraft:amethyst_cluster":185,"minecraft:purple_stained_glass":8,"redeco:birch_chair":3,"biomesoplenty:tall_white_lavender":2,"waystones:waystone":4,"parcool:iron_zipline_hook":10,"quark:stripped_spruce_post":1,"littleframes:creative_pic_frame":8,"alexsmobs:cosmic_cod":1,"cnb:flower_crown":1,"minecraft:flower_pot":4,"vinery:storage_pot":1,"easy_npc:cat_spawn_egg":2,"minecraft:apple":4,"biomesoplenty:pink_daffodil":12,"easy_npc:iron_golem_spawn_egg":10,"quark:red_corundum_cluster":2,"tanukidecor:red_mushroom_lamp":3,"brewery:patterned_carpet":1,"vinery:flower_pot_big":1,"tanukidecor:red_mushroom_table":2,"farm_and_charm:plow":3,"quark:gold_bars":1,"minecraft:barrier":12,"waystones:mossy_waystone":4,"alexsmobs:spawn_egg_cosmaw":2,"vinery:flower_box":1,"minecraft:verdant_froglight":1,"quark:blossom_sign":1,"minecraft:lectern":4,"farmersdelight:light_gray_canvas_sign":1,"minecraft:budding_amethyst":18,"ribbits:red_toadstool":532,"brewery:bench":2,"minecraft:pink_petals":51,"easy_npc:fairy_spawn_egg":1,"moa_decor_cookery:sandwich":1,"ribbits:mossy_oak_door":20,"quark:blue_blossom_leaf_carpet":16,"ghosts:small_ghost_spawn_egg":16,"minecraft:cobblestone":15,"minecraft:azalea_leaves":3,"redeco:spruce_bench":33,"redeco:birch_coffee_table":6,"farmersdelight:red_canvas_sign":3,"perfectplushies:wandering_plushie_trader_spawn_egg":1,"minecraft:dark_oak_fence":32,"minecraft:red_banner":12,"luphieclutteredmod:luphie_mushroom_table":1,"minecraft:pink_stained_glass":26,"minecraft:white_concrete":88,"minecraft:coarse_dirt":18,"biomesoplenty:jacaranda_leaves":5,"tanukidecor:red_mushroom_bed":5,"minecraft:oak_hanging_sign":5,"biomesoplenty:large_rose_quartz_bud":1,"minecraft:bone_meal":213,"biomesoplenty:jacaranda_sign":2,"ribbits:swamp_lantern":70,"quark:waxed_red_corundum":1,"easy_npc:wolf_spawn_egg":1,"alexsmobs:spawn_egg_cosmic_cod":1},"minecraft:killed":{"alexsmobs:cosmic_cod":1,"minecraft:spider":1,"alexsmobs:cosmaw":2,"minecraft:pufferfish":2,"alexscaves:lanternfish":2,"vinery:mule":4,"alexscaves:tripodfish":2,"minecraft:axolotl":7,"ghosts:ghost":1,"minecraft:tropical_fish":6,"ghosts:small_ghost":14,"vinery:wandering_winemaker":3,"perfectplushies:wandering_plushie_trader":1,"alexsmobs:devils_hole_pupfish":63,"alexsmobs:endergrade":1,"minecraft:trader_llama":2,"alexsmobs:cockroach":27,"ribbits:ribbit":3},"minecraft:crafted":{"minecraft:bone":1,"ribbits:maraca":1},"minecraft:dropped":{"easy_npc:easy_npc_wand":1,"redeco:stone_lantern":1,"artifacts:shock_pendant":1,"minecraft:lead":2,"brewery:brewfest_dress":2,"alexsmobs:maraca":1,"minecraft:grass":1,"minecraft:dirt":1,"ribbits:maraca":12,"quark:blossom_log":1,"minecraft:smooth_quartz":1,"minecraft:potion":1,"mowziesmobs:spear":2,"minecraft:pumpkin_seeds":3,"quark:white_corundum_cluster":1,"minecraft:diorite_wall":1,"minecraft:beetroot_seeds":4,"ribbits:swamp_daisy":1},"minecraft:picked_up":{"minecraft:wooden_axe":1,"alexsmobs:cosmic_cod":1,"alexsmobs:maraca":14,"minecraft:brown_mushroom":5,"minecraft:lead":6,"biomesoplenty:jacaranda_sapling":2,"minecraft:potion":1,"mowziesmobs:spear":1,"farm_and_charm:plow":2,"biomesoplenty:tall_lavender":64,"minecraft:pufferfish":2,"ribbits:mossy_oak_door":3,"minecraft:dark_oak_sapling":2,"minecraft:stick":3,"ribbits:swamp_daisy":1,"alexscaves:tripodfish":2,"parcool:zipline_rope":2,"minecraft:beetroot_seeds":4,"minecraft:tropical_fish":7,"farm_and_charm:supply_cart":1,"ribbits:swamp_lantern":1,"farmersdelight:white_canvas_sign":2,"biomesoplenty:redwood_sapling":3,"biomesoplenty:lavender":549,"fairylights:paper_lantern":1,"minecraft:red_mushroom":3,"artifacts:flame_pendant":1,"brewery:brewfest_dress":2,"minecraft:lantern":4,"redeco:stone_lantern":1,"parcool:iron_zipline_hook":1,"minecraft:wheat_seeds":70,"alexsmobs:cockroach_wing_fragment":9,"ribbits:maraca":11,"fairylights:flower_light":1,"lightmanscurrency:coin_iron":2,"easy_npc:easy_npc_wand":1,"alexsmobs:sombrero":1,"minecraft:amethyst_shard":14,"minecraft:pumpkin_seeds":3,"minecraft:slime_ball":204,"minecraft:grass":1}},"DataVersion":3465}