{"stats":{"minecraft:picked_up":{"minecraft:wooden_axe":1,"alexsmobs:cosmic_cod":1,"waystones:warp_stone":1,"alexsmobs:maraca":14,"minecraft:lead":6,"minecraft:potion":1,"mowziesmobs:spear":1,"lightmanscurrency:coin_diamond":1,"biomesoplenty:tall_lavender":64,"minecraft:pufferfish":2,"minecraft:oak_sign":1,"luphieclutteredmod:luphie_mushroom_door":1,"minecraft:stick":3,"ribbits:swamp_daisy":2,"minecraft:torch":2,"lightmanscurrency:coin_emerald":1,"minecraft:tropical_fish":7,"biomesoplenty:lavender":549,"minecraft:pink_petals":8,"minecraft:barrier":1,"fairylights:paper_lantern":1,"biomesoplenty:glowshroom":2,"artifacts:flame_pendant":1,"minecraft:lantern":12,"redeco:stone_lantern":1,"parcool:iron_zipline_hook":1,"minecraft:wheat_seeds":72,"ribbits:maraca":11,"minecraft:rabbit":2,"easy_npc:easy_npc_wand":1,"minecraft:brown_mushroom_block":2,"minecraft:grass":1,"minecraft:brown_mushroom":6,"biomesoplenty:jacaranda_sapling":2,"fairylights:tinsel":4,"farm_and_charm:plow":2,"biomesoplenty:jacaranda_fence":1,"minecraft:white_carpet":1,"minecraft:netherite_sword":1,"spawn:sunflower":4,"minecraft:egg":1,"ribbits:mossy_oak_door":3,"minecraft:dark_oak_sapling":2,"minecraft:carrot":4,"redeco:red_paper_lantern":15,"alexscaves:tripodfish":2,"parcool:zipline_rope":2,"minecraft:beetroot_seeds":4,"farm_and_charm:supply_cart":1,"ribbits:swamp_lantern":1,"farmersdelight:white_canvas_sign":2,"biomesoplenty:redwood_sapling":3,"quark:dirt_bricks":1,"minecraft:red_mushroom_block":1,"minecraft:red_mushroom":6,"brewery:brewfest_dress":2,"biomesoplenty:glowing_moss_carpet":9,"alexsmobs:cockroach_wing_fragment":9,"minecraft:rabbit_hide":1,"fairylights:flower_light":1,"lightmanscurrency:coin_iron":2,"redeco:oak_table":1,"alexsmobs:sombrero":1,"minecraft:amethyst_shard":14,"minecraft:soul_torch":2,"biomesoplenty:glowing_moss_block":1,"minecraft:pumpkin_seeds":3,"minecraft:slime_ball":204,"lightmanscurrency:coin_netherite":17,"ribbits:umbrella_leaf":2},"minecraft:dropped":{"easy_npc:easy_npc_wand":2,"artifacts:shock_pendant":1,"minecraft:lantern":1,"brewery:brewfest_dress":2,"minecraft:dirt":1,"ribbits:maraca":12,"minecraft:grass":1,"minecraft:brown_mushroom_block":3,"minecraft:netherite_sword":1,"biomesoplenty:glowing_moss_block":1,"minecraft:carrot":4,"waystones:warp_stone":1,"minecraft:red_mushroom_block":1,"quark:white_corundum_cluster":1,"lightmanscurrency:coin_netherite":17,"minecraft:diorite_wall":1,"minecraft:beetroot_seeds":4,"ribbits:umbrella_leaf":1,"redeco:oak_table":1,"redeco:stone_lantern":1,"lightmanscurrency:coin_emerald":1,"minecraft:barrier":1,"minecraft:lead":2,"quark:dirt_bricks":1,"alexsmobs:maraca":1,"quark:blossom_log":1,"minecraft:torch":1,"minecraft:wooden_axe":1,"minecraft:smooth_quartz":1,"minecraft:potion":1,"biomesoplenty:jacaranda_fence":1,"minecraft:white_carpet":1,"mowziesmobs:spear":2,"lightmanscurrency:coin_diamond":1,"minecraft:oak_sign":1,"minecraft:pumpkin_seeds":3,"easy_npc:humanoid_spawn_egg":1,"quark:blossom_bookshelf":1,"ribbits:swamp_daisy":1},"minecraft:custom":{"lootr:looted_stat":2,"minecraft:animals_bred":1,"minecraft:leave_game":37,"minecraft:time_since_death":1685643,"minecraft:sprint_one_cm":244287,"minecraft:drop":64,"minecraft:talked_to_villager":8,"minecraft:play_time":1685643,"minecraft:jump":1798,"minecraft:walk_on_water_one_cm":52874,"minecraft:traded_with_villager":2,"minecraft:interact_with_cartography_table":1,"minecraft:damage_dealt":9998,"minecraft:crouch_one_cm":21852,"waystones:waystone_activated":12,"minecraft:interact_with_smoker":1,"minecraft:horse_one_cm":400,"minecraft:interact_with_anvil":3,"minecraft:mob_kills":147,"minecraft:climb_one_cm":6121,"minecraft:walk_one_cm":1490906,"minecraft:sneak_time":34828,"minecraft:walk_under_water_one_cm":17207,"minecraft:total_world_time":1685643,"minecraft:time_since_rest":1685643,"minecraft:damage_taken":345,"minecraft:swim_one_cm":4052,"minecraft:fly_one_cm":7413487,"minecraft:fall_one_cm":269},"minecraft:crafted":{"minecraft:bone":1,"ribbits:maraca":1},"minecraft:killed":{"alexsmobs:cosmic_cod":1,"minecraft:spider":1,"minecraft:pufferfish":2,"alexscaves:tripodfish":2,"minecraft:axolotl":7,"ghosts:ghost":1,"minecraft:tropical_fish":6,"ghosts:small_ghost":14,"minecraft:cat":1,"cnb:sporeling":1,"alexsmobs:endergrade":1,"minecraft:trader_llama":2,"ribbits:ribbit":3,"alexsmobs:cosmaw":2,"alexscaves:lanternfish":2,"vinery:mule":4,"vinery:wandering_winemaker":3,"perfectplushies:wandering_plushie_trader":1,"minecraft:rabbit":2,"alexsmobs:devils_hole_pupfish":63,"alexsmobs:cockroach":27},"minecraft:used":{"alexscaves:magic_conch":2,"alexscaves:bioluminescent_torch":5,"minecraft:cherry_sapling":645,"minecraft:writable_book":2,"quark:light_blue_framed_glass_pane":33,"redeco:birch_stool":2,"fairylights:hanging_lights":10,"minecraft:oak_sign":31,"tanukidecor:log_bench":2,"minecraft:axolotl_spawn_egg":7,"tanukidecor:red_mushroom_stool":2,"minecraft:stone":922,"redeco:oak_table":9,"quark:paper_lantern":3,"luphieclutteredmod:luphie_decorative_mushroom_block":9,"quark:indigo_corundum_cluster":3,"quark:flowering_azalea_leaf_carpet":1,"minecraft:quartz_stairs":59,"minecraft:farmland":36,"fairylights:heart_light":2,"minecraft:lily_of_the_valley":9,"ribbits:toadstool":29,"quark:hollow_mangrove_log":1,"perfectplushies:frog_plushie":7,"alexscaves:glow_ink_bomb":31,"minecraft:carrot":32,"farmersdelight:white_canvas_sign":19,"quark:lavender_blossom_sapling":4,"easy_npc:humanoid_spawn_egg":9,"fairylights:flower_light":13,"minecraft:stripped_spruce_log":180,"tanukidecor:wooden_block_bookshelf":1,"redeco:red_paper_lantern":21,"ambientadditions:blowgun":11,"quark:birch_ladder":10,"easy_npc:allay_spawn_egg":22,"quark:dirt_bricks_stairs":125,"redeco:birch_display_case":10,"minecraft:quartz_pillar":398,"quark:lavender_blossom_leaf_carpet":10,"minecraft:quartz_slab":68,"quark:yellow_corundum_cluster":10,"minecraft:lantern":153,"minecraft:grass_block":1850,"quark:cherry_leaf_carpet":26,"quark:polished_calcite_vertical_slab":1,"minecraft:quartz_block":407,"biomesoplenty:white_lavender":5,"bakery:wall_display":2,"quark:ancient_bookshelf":1,"biomesoplenty:white_petals":116,"quark:orange_corundum_cluster":5,"minecraft:tropical_fish_spawn_egg":59,"fairylights:icicle_lights":5,"quark:stripped_oak_post":5,"redeco:birch_table":4,"minecraft:diorite_wall":199,"minecraft:stone_brick_stairs":49,"minecraft:stone_bricks":83,"minecraft:item_frame":6,"minecraft:bedrock":49,"biomesoplenty:jacaranda_sapling":4,"minecraft:red_stained_glass_pane":9,"mowziesmobs:spear":10,"minecraft:red_carpet":84,"farmersdelight:purple_canvas_sign":1,"ribbits:ribbit_merchant_spawn_egg":1,"quark:birch_bookshelf":164,"alexscaves:spawn_egg_tripodfish":2,"minecraft:beetroot_seeds":21,"quark:ancient_ladder":1,"ribbits:brown_toadstool":131,"farm_and_charm:pitchfork":1,"minecraft:pearlescent_froglight":514,"biomesoplenty:jacaranda_fence":67,"tanukidecor:cuckoo_clock":1,"quark:glowing_glass_item_frame":21,"fairylights:incandescent_light":1,"quark:blue_framed_glass_pane":21,"quark:polished_calcite_slab":1,"minecraft:mossy_stone_bricks":24,"easy_npc:easy_npc_wand":72,"minecraft:end_rod":4,"luphieclutteredmod:luphie_decorative_mushroom":1,"minecraft:red_stained_glass":15,"minecraft:prismarine":383,"minecraft:oak_planks":144,"minecraft:polished_diorite_slab":211,"quark:ancient_fence":117,"minecraft:mossy_stone_brick_stairs":18,"minecraft:composter":2,"biomesoplenty:lavender":1,"biomesoplenty:flowering_oak_sapling":6,"redeco:paper_door":1,"biomesoplenty:glowflower":8,"quark:flowering_azalea_hedge":2,"cnb:sporeling_overworld_egg":19,"minecraft:large_amethyst_bud":9,"minecraft:smooth_quartz_stairs":3,"biomesoplenty:rainbow_birch_sapling":4,"parcool:zipline_rope":5,"minecraft:dark_oak_trapdoor":1,"redeco:birch_side_table":1,"redeco:white_awning":4,"minecraft:stone_brick_wall":205,"quark:blossom_bookshelf":35,"quark:orange_blossom_leaf_carpet":7,"farmersdelight:black_canvas_sign":2,"waystones:waystone":7,"biomesoplenty:tall_white_lavender":2,"littleframes:creative_pic_frame":11,"biomesoplenty:bush":2,"alexsmobs:cosmic_cod":1,"cnb:flower_crown":1,"vinery:storage_pot":1,"easy_npc:cat_spawn_egg":2,"easy_npc:iron_golem_spawn_egg":10,"brewery:patterned_carpet":1,"vinery:flower_pot_big":1,"redeco:polished_birch_stairs":5,"farm_and_charm:plow":3,"quark:gold_bars":1,"easy_npc:skeleton_spawn_egg":2,"minecraft:string":3,"alexsmobs:spawn_egg_cosmaw":2,"minecraft:barrier":18,"vinery:flower_box":1,"minecraft:verdant_froglight":1,"fairylights:tinsel":9,"quark:blossom_sign":1,"minecraft:lectern":4,"minecraft:deepslate":21,"biomesoplenty:glowing_moss_carpet":37,"minecraft:cat_spawn_egg":1,"brewery:bench":2,"easy_npc:fairy_spawn_egg":1,"moa_decor_cookery:sandwich":1,"quark:blue_blossom_leaf_carpet":16,"redeco:birch_coffee_table":6,"minecraft:stripped_oak_wood":22,"minecraft:dark_oak_fence":32,"luphieclutteredmod:luphie_mushroom_table":1,"minecraft:pink_stained_glass":26,"minecraft:white_concrete":88,"minecraft:coarse_dirt":18,"minecraft:oak_hanging_sign":5,"biomesoplenty:jacaranda_leaves":5,"ribbits:swamp_lantern":71,"biomesoplenty:jacaranda_sign":2,"minecraft:bone_meal":797,"easy_npc:wolf_spawn_egg":1,"quark:waxed_red_corundum":1,"minecraft:oak_fence":16,"minecraft:netherite_sword":208,"lightmanscurrency:shelf_oak":8,"minecraft:iron_bars":39,"alexsmobs:rainbow_glass":15,"minecraft:flint_and_steel":663,"minecraft:pufferfish_spawn_egg":7,"biomesoplenty:glowing_moss_block":12,"minecraft:light_gray_carpet":8,"biomesoplenty:empyreal_sapling":7,"farm_and_charm:supply_cart":2,"biomesoplenty:glowshroom":5,"ghosts:ghost_spawn_egg":1,"quark:white_corundum_cluster":11,"quark:red_framed_glass_pane":5,"astikorcarts:animal_cart":1,"alexsmobs:spawn_egg_cockroach":16,"luphieclutteredmod:luphie_mushroom_chest":2,"luphieclutteredmod:luphie_mushroom_bookshelf":15,"quark:paper_wall_big":8,"minecraft:torch":41,"quark:lavender_blossom_hedge":92,"easy_npc:humanoid_slim_spawn_egg":15,"quark:blue_corundum_cluster":11,"minecraft:brewing_stand":3,"minecraft:dirt":111,"alexsmobs:maraca":51,"minecraft:anvil":3,"luphieclutteredmod:luphie_mushroom_lamp":4,"quark:warped_bookshelf":3,"redeco:stone_lantern":27,"minecraft:white_carpet":13,"ribbits:ribbit_gardener_spawn_egg":1,"alexsmobs:spawn_egg_flying_fish":2,"perfectplushies:white_rabbit_plushie":1,"minecraft:spruce_stairs":13,"quark:lavender_blossom_leaves":3,"minecraft:cobblestone_wall":39,"quark:red_blossom_leaf_carpet":7,"ribbits:toadstool_stem":286,"tanukidecor:long_display_case":5,"tanukidecor:red_mushroom_log_stool":8,"biomesoplenty:snowblossom_sapling":1,"luphieclutteredmod:luphie_mushroom_tv":2,"minecraft:glow_lichen":111,"minecraft:allay_spawn_egg":15,"minecraft:light_blue_stained_glass":24,"minecraft:oak_fence_gate":3,"biomesoplenty:redwood_log":1,"minecraft:wooden_axe":1,"chiselsandbits:modification_table":4,"minecraft:sea_lantern":8,"quark:calcite_slab":67,"minecraft:yellow_stained_glass":18,"minecraft:oak_stairs":22,"ribbits:umbrella_leaf":15,"biomesoplenty:tall_lavender":1,"minecraft:birch_hanging_sign":1,"alexsmobs:spawn_egg_devils_hole_pupfish":9,"minecraft:smooth_quartz":112,"quark:red_framed_glass":15,"tanukidecor:wooden_block_bench":2,"biomesoplenty:jacaranda_log":17,"quark:spruce_vertical_slab":2,"farmersdelight:canvas_rug":21,"quark:dirt_bricks":1196,"alexsmobs:spawn_egg_endergrade":1,"quark:oak_vertical_slab":9,"minecraft:black_dye":1,"tanukidecor:handcart":2,"tanukidecor:egyptian_lamp":1,"biomesoplenty:rose_quartz_block":1,"luphieclutteredmod:luphie_mushroom_wardrobe":5,"ribbits:swamp_daisy":28,"biomesoplenty:magic_leaves":4,"minecraft:cherry_log":1,"minecraft:water_bucket":167,"quark:ancient_planks_vertical_slab":10,"redeco:red_awning":4,"brewery:potato_salad":7,"minecraft:cobblestone_stairs":30,"tanukidecor:red_science_pod":1,"redeco:oak_plank_gate":2,"ribbits:ribbit_fisherman_spawn_egg":3,"biomesoplenty:redwood_sapling":4,"ribbits:ribbit_sorcerer_spawn_egg":3,"easy_npc:easy_npc_preset":4,"minecraft:cartography_table":2,"quark:abacus":5,"bakery:bread_crate":2,"luphieclutteredmod:luphie_cardboard_box_filled":3,"quark:red_blossom_hedge":2,"ribbits:ribbit_nitwit_spawn_egg":10,"minecraft:red_mushroom_block":1494,"minecraft:white_dye":1,"minecraft:magenta_stained_glass":32,"alexscaves:spawn_egg_lanternfish":2,"minecraft:cracked_stone_bricks":107,"fairylights:paper_lantern":5,"minecraft:mossy_cobblestone":42,"tanukidecor:rough_log_bench":11,"minecraft:rabbit_spawn_egg":2,"luphieclutteredmod:luphie_mushroom_door":3,"tanukidecor:wide_red_streamer":2,"spawn:sunflower":5,"minecraft:campfire":2,"biomesoplenty:wildflower":4,"alexsmobs:spawn_egg_bunfungus":2,"biomesoplenty:magic_sapling":4,"minecraft:mushroom_stem":1773,"redeco:birch_chair":4,"quark:glass_item_frame":1,"easy_npc:chicken_spawn_egg":4,"minecraft:purple_stained_glass":8,"minecraft:oak_log":442,"tanukidecor:wide_yellow_streamer":2,"parcool:iron_zipline_hook":10,"minecraft:amethyst_cluster":185,"quark:stripped_spruce_post":1,"minecraft:mud":3,"minecraft:flower_pot":4,"minecraft:apple":4,"quark:pink_framed_glass_pane":10,"quark:red_corundum_cluster":2,"tanukidecor:red_mushroom_lamp":8,"biomesoplenty:pink_daffodil":12,"tanukidecor:red_mushroom_table":2,"waystones:mossy_waystone":4,"luphieclutteredmod:luphie_mushroom_bed":3,"farmersdelight:light_gray_canvas_sign":1,"ribbits:red_toadstool":532,"minecraft:budding_amethyst":18,"ribbits:mossy_oak_door":20,"minecraft:pink_petals":590,"quark:cyan_framed_glass_pane":51,"ghosts:small_ghost_spawn_egg":16,"minecraft:cobblestone":131,"minecraft:azalea_leaves":3,"redeco:spruce_bench":33,"farmersdelight:red_canvas_sign":3,"perfectplushies:wandering_plushie_trader_spawn_egg":1,"minecraft:red_banner":12,"tanukidecor:red_mushroom_bed":5,"biomesoplenty:large_rose_quartz_bud":1,"minecraft:brown_mushroom_block":376,"minecraft:smooth_stone":80,"minecraft:soul_torch":18,"minecraft:birch_stairs":2,"alexsmobs:spawn_egg_cosmic_cod":1}},"DataVersion":3465}