{"stats":{"minecraft:custom":{"minecraft:time_since_rest":147334,"minecraft:sprint_one_cm":14897,"minecraft:walk_one_cm":176127,"minecraft:drop":8,"minecraft:damage_dealt":40,"minecraft:fly_one_cm":534543,"minecraft:crouch_one_cm":469,"minecraft:play_time":147334,"minecraft:sneak_time":2338,"minecraft:walk_under_water_one_cm":602,"minecraft:jump":155,"minecraft:leave_game":3,"minecraft:walk_on_water_one_cm":2120,"minecraft:time_since_death":147334,"minecraft:total_world_time":147334,"minecraft:climb_one_cm":248},"minecraft:used":{"biomesoplenty:tall_white_lavender":2,"quark:polished_calcite_slab":1,"minecraft:water_bucket":102,"minecraft:end_rod":4,"minecraft:sea_lantern":8,"minecraft:iron_bars":6,"minecraft:quartz_pillar":398,"quark:calcite_slab":67,"biomesoplenty:pink_daffodil":12,"quark:gold_bars":1,"quark:lavender_blossom_leaf_carpet":8,"minecraft:quartz_slab":68,"farm_and_charm:plow":3,"minecraft:lantern":8,"minecraft:grass_block":845,"fairylights:hanging_lights":10,"quark:cherry_leaf_carpet":26,"biomesoplenty:tall_lavender":1,"minecraft:prismarine":383,"quark:polished_calcite_vertical_slab":1,"minecraft:verdant_froglight":1,"minecraft:quartz_block":395,"minecraft:polished_diorite_slab":211,"biomesoplenty:white_lavender":5,"farm_and_charm:supply_cart":1,"biomesoplenty:white_petals":79,"minecraft:smooth_quartz":7,"biomesoplenty:lavender":1,"fairylights:icicle_lights":5,"minecraft:diorite_wall":10,"quark:flowering_azalea_leaf_carpet":1,"biomesoplenty:glowflower":8,"minecraft:quartz_stairs":55,"quark:dirt_bricks":250,"fairylights:paper_lantern":1,"minecraft:pink_petals":51,"quark:blue_blossom_leaf_carpet":16,"fairylights:heart_light":2,"minecraft:torch":6,"quark:lavender_blossom_hedge":2,"minecraft:lily_of_the_valley":9,"easy_npc:humanoid_slim_spawn_egg":1,"minecraft:dark_oak_fence":32,"quark:red_blossom_leaf_carpet":7,"spawn:sunflower":5,"farm_and_charm:pitchfork":1,"minecraft:coarse_dirt":18,"biomesoplenty:wildflower":4,"fairylights:flower_light":13,"quark:orange_blossom_leaf_carpet":7,"fairylights:incandescent_light":1},"minecraft:picked_up":{"biomesoplenty:lavender":541,"farm_and_charm:plow":2,"biomesoplenty:tall_lavender":23,"minecraft:pumpkin_seeds":3,"minecraft:beetroot_seeds":3,"farm_and_charm:supply_cart":1,"minecraft:wheat_seeds":58,"minecraft:grass":1,"fairylights:flower_light":1},"minecraft:dropped":{"minecraft:grass":1,"minecraft:beetroot_seeds":3,"minecraft:smooth_quartz":1,"minecraft:pumpkin_seeds":3}},"DataVersion":3465}