{"stats":{"minecraft:picked_up":{"minecraft:wooden_axe":1,"alexsmobs:cosmic_cod":1,"alexsmobs:maraca":14,"minecraft:lead":6,"biomesoplenty:jacaranda_sapling":2,"mowziesmobs:spear":1,"farm_and_charm:plow":2,"biomesoplenty:tall_lavender":64,"minecraft:stick":1,"parcool:zipline_rope":2,"minecraft:beetroot_seeds":3,"farm_and_charm:supply_cart":1,"farmersdelight:white_canvas_sign":2,"biomesoplenty:redwood_sapling":3,"biomesoplenty:lavender":549,"fairylights:paper_lantern":1,"artifacts:flame_pendant":1,"brewery:brewfest_dress":2,"minecraft:lantern":3,"redeco:stone_lantern":1,"parcool:iron_zipline_hook":1,"minecraft:wheat_seeds":58,"alexsmobs:cockroach_wing_fragment":9,"ribbits:maraca":7,"fairylights:flower_light":1,"lightmanscurrency:coin_iron":2,"easy_npc:easy_npc_wand":1,"alexsmobs:sombrero":1,"minecraft:amethyst_shard":14,"minecraft:pumpkin_seeds":3,"minecraft:grass":1},"minecraft:custom":{"minecraft:mob_kills":40,"minecraft:leave_game":16,"minecraft:time_since_death":818327,"minecraft:climb_one_cm":250,"minecraft:sprint_one_cm":79022,"minecraft:walk_one_cm":588366,"minecraft:drop":28,"minecraft:talked_to_villager":4,"minecraft:play_time":818327,"minecraft:sneak_time":12176,"minecraft:walk_under_water_one_cm":2061,"minecraft:jump":576,"minecraft:walk_on_water_one_cm":4274,"minecraft:total_world_time":818327,"minecraft:traded_with_villager":1,"minecraft:interact_with_cartography_table":1,"minecraft:time_since_rest":818327,"minecraft:damage_dealt":4350,"minecraft:swim_one_cm":4052,"minecraft:fly_one_cm":2710307,"waystones:waystone_activated":4,"minecraft:crouch_one_cm":7645,"minecraft:horse_one_cm":400},"minecraft:dropped":{"easy_npc:easy_npc_wand":1,"redeco:stone_lantern":1,"artifacts:shock_pendant":1,"minecraft:lead":2,"brewery:brewfest_dress":2,"alexsmobs:maraca":1,"minecraft:dirt":1,"ribbits:maraca":7,"minecraft:grass":1,"minecraft:smooth_quartz":1,"mowziesmobs:spear":2,"minecraft:pumpkin_seeds":3,"quark:white_corundum_cluster":1,"minecraft:diorite_wall":1,"minecraft:beetroot_seeds":3},"minecraft:crafted":{"minecraft:bone":1},"minecraft:killed":{"alexsmobs:cosmic_cod":1,"minecraft:spider":1,"alexsmobs:cosmaw":2,"vinery:mule":4,"vinery:wandering_winemaker":3,"perfectplushies:wandering_plushie_trader":1,"alexsmobs:endergrade":1,"alexsmobs:cockroach":27},"minecraft:used":{"alexscaves:magic_conch":2,"minecraft:oak_fence":16,"alexscaves:bioluminescent_torch":5,"minecraft:netherite_sword":66,"minecraft:writable_book":2,"minecraft:iron_bars":6,"minecraft:flint_and_steel":354,"fairylights:hanging_lights":10,"minecraft:light_gray_carpet":8,"minecraft:oak_sign":3,"tanukidecor:log_bench":2,"biomesoplenty:empyreal_sapling":7,"farm_and_charm:supply_cart":1,"quark:white_corundum_cluster":11,"quark:flowering_azalea_leaf_carpet":1,"quark:indigo_corundum_cluster":3,"alexsmobs:spawn_egg_cockroach":16,"minecraft:quartz_stairs":59,"fairylights:heart_light":2,"minecraft:torch":6,"quark:lavender_blossom_hedge":92,"easy_npc:humanoid_slim_spawn_egg":5,"minecraft:lily_of_the_valley":9,"quark:blue_corundum_cluster":11,"minecraft:dirt":40,"alexsmobs:maraca":51,"luphieclutteredmod:luphie_mushroom_lamp":2,"ribbits:toadstool":4,"redeco:stone_lantern":3,"perfectplushies:white_rabbit_plushie":1,"alexscaves:glow_ink_bomb":31,"quark:lavender_blossom_leaves":3,"quark:red_blossom_leaf_carpet":7,"farmersdelight:white_canvas_sign":11,"quark:lavender_blossom_sapling":4,"easy_npc:humanoid_spawn_egg":1,"minecraft:light_blue_stained_glass":24,"fairylights:flower_light":13,"minecraft:oak_fence_gate":3,"biomesoplenty:redwood_log":1,"ambientadditions:blowgun":11,"easy_npc:allay_spawn_egg":22,"minecraft:wooden_axe":1,"chiselsandbits:modification_table":2,"minecraft:sea_lantern":8,"minecraft:quartz_pillar":398,"quark:yellow_corundum_cluster":10,"quark:calcite_slab":67,"minecraft:lantern":60,"quark:lavender_blossom_leaf_carpet":10,"minecraft:quartz_slab":68,"minecraft:yellow_stained_glass":18,"minecraft:grass_block":1495,"quark:cherry_leaf_carpet":26,"biomesoplenty:tall_lavender":1,"quark:polished_calcite_vertical_slab":1,"minecraft:birch_hanging_sign":1,"minecraft:quartz_block":395,"biomesoplenty:white_lavender":5,"biomesoplenty:white_petals":116,"quark:orange_corundum_cluster":5,"minecraft:smooth_quartz":7,"fairylights:icicle_lights":5,"quark:stripped_oak_post":3,"minecraft:diorite_wall":198,"tanukidecor:wooden_block_bench":2,"biomesoplenty:jacaranda_log":17,"quark:spruce_vertical_slab":2,"quark:dirt_bricks":852,"biomesoplenty:jacaranda_sapling":4,"alexsmobs:spawn_egg_endergrade":1,"mowziesmobs:spear":10,"quark:oak_vertical_slab":5,"biomesoplenty:rose_quartz_block":1,"farm_and_charm:pitchfork":1,"ribbits:swamp_daisy":1,"minecraft:pearlescent_froglight":514,"biomesoplenty:magic_leaves":4,"quark:glowing_glass_item_frame":1,"fairylights:incandescent_light":1,"quark:polished_calcite_slab":1,"minecraft:water_bucket":110,"easy_npc:easy_npc_wand":60,"minecraft:end_rod":4,"brewery:potato_salad":7,"minecraft:prismarine":383,"biomesoplenty:redwood_sapling":4,"minecraft:cartography_table":2,"minecraft:polished_diorite_slab":211,"bakery:bread_crate":2,"luphieclutteredmod:luphie_cardboard_box_filled":3,"minecraft:magenta_stained_glass":32,"biomesoplenty:lavender":1,"biomesoplenty:flowering_oak_sapling":6,"biomesoplenty:glowflower":8,"quark:flowering_azalea_hedge":2,"minecraft:smooth_quartz_stairs":3,"minecraft:large_amethyst_bud":9,"fairylights:paper_lantern":5,"parcool:zipline_rope":5,"biomesoplenty:rainbow_birch_sapling":4,"minecraft:dark_oak_trapdoor":1,"spawn:sunflower":5,"biomesoplenty:wildflower":4,"biomesoplenty:magic_sapling":4,"quark:orange_blossom_leaf_carpet":7,"quark:glass_item_frame":1,"biomesoplenty:bush":2,"easy_npc:chicken_spawn_egg":4,"minecraft:purple_stained_glass":8,"biomesoplenty:tall_white_lavender":2,"waystones:waystone":4,"minecraft:amethyst_cluster":185,"parcool:iron_zipline_hook":10,"quark:stripped_spruce_post":1,"littleframes:creative_pic_frame":8,"alexsmobs:cosmic_cod":1,"cnb:flower_crown":1,"vinery:storage_pot":1,"easy_npc:cat_spawn_egg":2,"minecraft:apple":4,"easy_npc:iron_golem_spawn_egg":10,"quark:red_corundum_cluster":2,"biomesoplenty:pink_daffodil":12,"brewery:patterned_carpet":1,"farm_and_charm:plow":3,"quark:gold_bars":1,"vinery:flower_pot_big":1,"vinery:flower_box":1,"alexsmobs:spawn_egg_cosmaw":2,"minecraft:barrier":7,"minecraft:verdant_froglight":1,"minecraft:lectern":4,"farmersdelight:light_gray_canvas_sign":1,"minecraft:budding_amethyst":18,"brewery:bench":2,"moa_decor_cookery:sandwich":1,"quark:blue_blossom_leaf_carpet":16,"minecraft:pink_petals":51,"minecraft:azalea_leaves":3,"redeco:spruce_bench":33,"minecraft:dark_oak_fence":32,"perfectplushies:wandering_plushie_trader_spawn_egg":1,"luphieclutteredmod:luphie_mushroom_table":1,"minecraft:pink_stained_glass":26,"minecraft:white_concrete":88,"minecraft:coarse_dirt":18,"biomesoplenty:jacaranda_leaves":5,"minecraft:oak_hanging_sign":3,"biomesoplenty:large_rose_quartz_bud":1,"biomesoplenty:jacaranda_sign":2,"minecraft:bone_meal":213,"quark:waxed_red_corundum":1,"easy_npc:wolf_spawn_egg":1,"alexsmobs:spawn_egg_cosmic_cod":1}},"DataVersion":3465}