{"stat.useItem.113":2643,"stat.useItem.112":49,"stat.useItem.114":168,"stat.horseOneCm":32389,"stat.leaveGame":2,"stat.swimOneCm":39985,"stat.useItem.126":1932,"stat.useItem.128":2160,"stat.climbOneCm":8986,"achievement.exploreAllBiomes":{"value":0,"progress":["Forest"]},"stat.useItem.331":1,"stat.useItem.330":701,"stat.flyOneCm":217573457,"stat.useItem.102":5124,"stat.useItem.101":7142,"stat.useItem.106":217,"stat.useItem.108":271,"stat.useItem.107":100,"stat.useItem.109":2751,"stat.killEntity.Bat":21,"stat.useItem.321":1821,"stat.useItem.324":3191,"stat.useItem.323":557,"stat.useItem.87":4,"stat.useItem.89":8632,"stat.useItem.82":6378,"stat.useItem.85":9904,"achievement.openInventory":26435,"stat.useItem.98":4769,"stat.drop":73,"stat.useItem.95":7586,"stat.useItem.96":1452,"stat.playOneMinute":29991424,"stat.killEntity.Sheep":8,"stat.diveOneCm":139553,"stat.useItem.65":38,"stat.useItem.66":1492,"stat.useItem.61":7,"stat.useItem.69":15,"stat.useItem.76":25,"stat.useItem.77":397,"stat.jump":31816,"stat.useItem.70":3,"stat.useItem.42":16370,"stat.useItem.175":26,"stat.useItem.44":77076,"stat.useItem.45":19835,"stat.useItem.41":2419,"stat.useItem.47":304,"stat.useItem.49":693,"stat.useItem.53":51,"stat.useItem.54":39,"stat.useItem.50":493,"stat.damageDealt":4775,"stat.killEntity.Cow":8,"stat.killEntity.Pig":5,"stat.useItem.57":10,"stat.useItem.58":18,"stat.useItem.20":16212,"stat.useItem.152":46,"stat.useItem.155":38625,"stat.useItem.22":577,"stat.useItem.154":47,"stat.walkOneCm":51543541,"stat.useItem.156":6579,"stat.useItem.159":194554,"stat.useItem.158":2,"stat.useItem.160":7897,"stat.useItem.24":27497,"stat.useItem.31":97,"stat.useItem.163":1750,"stat.useItem.35":12555,"stat.useItem.171":6659,"stat.useItem.37":6,"stat.useItem.173":2,"stat.useItem.172":4421,"stat.useItem.38":37,"stat.useItem.135":1971,"stat.useItem.134":446,"stat.useItem.137":16,"stat.useItem.136":1995,"stat.useItem.139":1809,"stat.killEntity.Chicken":8,"stat.mobKills":52,"stat.useItem.7":5,"stat.useItem.143":27,"stat.useItem.12":1,"stat.useItem.145":265,"stat.useItem.389":18,"stat.useItem.1":9443,"stat.useItem.4":6,"stat.useItem.5":8712,"stat.useItem.3":2934,"stat.useItem.17":892,"stat.useItem.18":8858,"stat.useItem.19":1,"stat.useItem.13":756,"stat.useItem.390":75,"stat.useItem.271":6}