{"stat.useItem.20":1,"stat.killEntity.Skeleton":1,"stat.killEntity.Bat":1,"stat.walkOneCm":459607,"stat.useItem.159":1,"stat.playerKills":5,"achievement.openInventory":71,"stat.leaveGame":1,"stat.killEntity.Spider":2,"stat.damageTaken":-2147464819,"stat.mobKills":14,"stat.useItem.383":3,"stat.flyOneCm":3401590,"stat.deaths":21,"stat.drop":99,"stat.jump":653,"stat.playOneMinute":122902,"stat.useItem.1":3,"stat.fallOneCm":195608,"stat.damageDealt":985,"stat.killEntity.Zombie":5,"stat.mineBlock.102":2,"achievement.exploreAllBiomes":{"value":0,"progress":["Forest"]}}