{"stat.useItem.65":105,"stat.useItem.66":3074,"stat.useItem.67":74,"stat.useItem.113":4273,"stat.useItem.355":66,"stat.useItem.61":1,"stat.useItem.114":27,"stat.useItem.69":7,"stat.useItem.76":36,"stat.useItem.77":650,"stat.useItem.121":358,"stat.useItem.123":9,"stat.jump":27418,"stat.swimOneCm":9394,"stat.useItem.126":1775,"stat.useItem.128":3261,"stat.climbOneCm":10797,"achievement.exploreAllBiomes":{"value":0,"progress":["Forest"]},"stat.useItem.175":91,"stat.useItem.42":28457,"stat.useItem.44":92045,"stat.useItem.331":8,"stat.useItem.330":719,"stat.useItem.45":11719,"stat.useItem.41":5103,"stat.useItem.47":1962,"stat.useItem.49":94,"stat.useItem.53":95,"stat.useItem.54":36,"stat.flyOneCm":153555465,"stat.useItem.102":20689,"stat.useItem.50":706,"stat.useItem.101":8789,"stat.useItem.108":138,"stat.useItem.107":367,"stat.useItem.109":3288,"stat.damageDealt":4895,"stat.killEntity.Cow":7,"stat.killEntity.Pig":10,"stat.useItem.58":46,"stat.useItem.20":23515,"stat.useItem.152":79,"stat.killEntity.Bat":26,"stat.useItem.155":56304,"stat.useItem.397":5,"stat.useItem.22":645,"stat.useItem.154":107,"stat.walkOneCm":16403845,"stat.useItem.156":12359,"stat.useItem.159":390256,"stat.useItem.24":55920,"stat.useItem.160":7836,"stat.useItem.161":2,"stat.useItem.31":63,"stat.useItem.163":1285,"stat.useItem.321":2187,"stat.useItem.324":6243,"stat.useItem.323":2184,"stat.useItem.35":42695,"stat.useItem.171":13040,"stat.useItem.173":5,"stat.useItem.38":16,"stat.useItem.172":6458,"stat.useItem.131":3,"stat.useItem.88":2,"stat.useItem.89":17159,"stat.useItem.135":3266,"stat.useItem.82":1482,"stat.useItem.134":1002,"stat.useItem.136":5564,"stat.useItem.85":21905,"stat.useItem.139":2210,"achievement.openInventory":26619,"stat.useItem.138":3,"stat.useItem.80":20,"stat.killEntity.Chicken":4,"stat.mobKills":51,"stat.useItem.98":7402,"stat.useItem.12":65,"stat.useItem.7":3,"stat.useItem.143":5,"stat.useItem.145":370,"stat.drop":77,"stat.useItem.95":17366,"stat.useItem.389":12,"stat.useItem.96":3416,"stat.playOneMinute":23429279,"stat.useItem.1":14244,"stat.killEntity.Sheep":4,"stat.useItem.4":410,"stat.useItem.5":17097,"stat.useItem.3":1009,"stat.useItem.17":723,"stat.useItem.18":8576,"stat.useItem.13":1872,"stat.useItem.390":73,"stat.diveOneCm":4340,"stat.useItem.151":9,"stat.useItem.16":3,"stat.useItem.271":55}