{
  "idas:idas_root": {
    "criteria": {
      "always": "2024-06-26 15:44:51 +0000"
    },
    "done": true
  },
  "biomesoplenty:biomesoplenty/root": {
    "criteria": {
      "fir_clearing": "2024-06-26 15:44:55 +0000"
    },
    "done": true
  },
  "farmersdelight:main/root": {
    "criteria": {
      "seeds": "2024-06-26 15:44:51 +0000"
    },
    "done": true
  },
  "spore:spore": {
    "criteria": {
      "requirement": "2024-06-27 01:53:52 +0000"
    },
    "done": true
  },
  "create:root": {
    "criteria": {
      "0": "2024-06-26 15:44:51 +0000"
    },
    "done": true
  },
  "minecraft:husbandry/root": {
    "criteria": {
      "consumed_item": "2024-06-27 01:48:26 +0000"
    },
    "done": true
  },
  "lootr:root": {
    "criteria": {
      "always_true": "2024-06-26 15:44:51 +0000"
    },
    "done": true
  },
  "minecraft:adventure/kill_a_mob": {
    "criteria": {
      "minecraft:creeper": "2024-06-27 01:55:55 +0000"
    },
    "done": true
  },
  "cataclysm:root": {
    "criteria": {
      "custom_test_name": "2024-06-27 01:27:03 +0000"
    },
    "done": true
  },
  "alexsmobs:alexsmobs/farseer": {
    "criteria": {
      "killed_by": "2024-06-27 01:56:19 +0000"
    },
    "done": true
  },
  "minecraft:adventure/kill_all_mobs": {
    "criteria": {
      "minecraft:creeper": "2024-06-27 01:55:55 +0000"
    },
    "done": false
  },
  "1_splatus:ultris/root": {
    "criteria": {
      "c1": "2024-06-27 01:27:02 +0000"
    },
    "done": true
  },
  "dungeons_arise:wda_root": {
    "criteria": {
      "WDA": "2024-06-27 01:27:03 +0000"
    },
    "done": true
  },
  "minecraft:husbandry/balanced_diet": {
    "criteria": {
      "cooked_beef": "2024-06-27 01:48:26 +0000"
    },
    "done": false
  },
  "biomesoplenty:biomesoplenty/all_biomes": {
    "criteria": {
      "coniferous_forest": "2024-06-26 15:48:38 +0000",
      "seasonal_orchard": "2024-06-26 15:46:07 +0000",
      "seasonal_forest": "2024-06-27 01:49:54 +0000",
      "lavender_field": "2024-06-27 01:54:23 +0000",
      "fir_clearing": "2024-06-26 15:44:55 +0000",
      "pumpkin_patch": "2024-06-26 15:50:36 +0000",
      "ominous_woods": "2024-06-27 01:38:52 +0000"
    },
    "done": false
  },
  "apollyon:apollyon": {
    "criteria": {
      "apollyon": "2024-06-27 01:37:25 +0000"
    },
    "done": true
  },
  "minecraft:story/mine_stone": {
    "criteria": {
      "get_stone": "2024-06-27 01:51:05 +0000"
    },
    "done": true
  },
  "minecraft:adventure/root": {
    "criteria": {
      "killed_something": "2024-06-27 01:44:53 +0000"
    },
    "done": true
  },
  "ironfurnaces:coal": {
    "criteria": {
      "rainbowcoal": "2024-06-26 15:44:51 +0000"
    },
    "done": true
  },
  "travelersbackpack:standard_from_custom": {
    "criteria": {
      "has_the_recipe": "2024-06-26 15:44:51 +0000"
    },
    "done": true
  },
  "parcool:grant_parcool_guide": {
    "criteria": {
      "tick": "2024-06-26 15:44:51 +0000"
    },
    "done": true
  },
  "minecraft:adventure/adventuring_time": {
    "criteria": {
      "minecraft:beach": "2024-06-26 15:47:59 +0000",
      "minecraft:river": "2024-06-27 01:47:45 +0000"
    },
    "done": false
  },
  "DataVersion": 3120
}