{
  "mowziesmobs:root": {
    "criteria": {
      "custom_test_name": "2025-05-29 21:24:32 +0000"
    },
    "done": true
  },
  "vs_eureka:recipes/balloon_color": {
    "criteria": {
      "has_red_balloon": "2025-05-29 21:24:32 +0000",
      "has_black_balloon": "2025-05-29 21:24:32 +0000",
      "has_lime_balloon": "2025-05-29 21:24:32 +0000",
      "has_cyan_balloon": "2025-05-29 21:24:32 +0000",
      "has_light_blue_balloon": "2025-05-29 21:24:32 +0000",
      "has_gray_balloon": "2025-05-29 21:24:32 +0000",
      "has_pink_balloon": "2025-05-29 21:24:32 +0000",
      "has_light_gray_balloon": "2025-05-29 21:24:32 +0000",
      "has_white_balloon": "2025-05-29 21:24:32 +0000",
      "has_blue_balloon": "2025-05-29 21:24:32 +0000",
      "has_yellow_balloon": "2025-05-29 21:24:32 +0000",
      "has_purple_balloon": "2025-05-29 21:24:32 +0000",
      "has_orange_balloon": "2025-05-29 21:24:32 +0000",
      "has_brown_balloon": "2025-05-29 21:24:32 +0000",
      "has_green_balloon": "2025-05-29 21:24:32 +0000",
      "has_magenta_balloon": "2025-05-29 21:24:32 +0000"
    },
    "done": true
  },
  "vs_eureka:recipes/ship_helm": {
    "criteria": {
      "has_gold": "2025-05-29 21:24:32 +0000"
    },
    "done": true
  },
  "lootr:root": {
    "criteria": {
      "always_true": "2025-05-29 21:24:32 +0000"
    },
    "done": true
  },
  "dungeons_arise:wda_root": {
    "criteria": {
      "WDA": "2025-05-29 21:24:32 +0000"
    },
    "done": true
  },
  "parcool:grant_parcool_guide": {
    "criteria": {
      "tick": "2025-05-29 21:24:32 +0000"
    },
    "done": true
  },
  "pizzadelight:root": {
    "criteria": {
      "tick": "2025-05-29 21:24:32 +0000"
    },
    "done": true
  },
  "farmersdelight:main/root": {
    "criteria": {
      "seeds": "2025-05-29 21:24:32 +0000"
    },
    "done": true
  },
  "farm_and_charm:main/find_wild_crops": {
    "criteria": {
      "oat": "2025-05-29 21:24:32 +0000",
      "wild_strawberry": "2025-05-29 21:24:32 +0000",
      "corn": "2025-05-29 21:24:32 +0000",
      "onion": "2025-05-29 21:24:32 +0000",
      "wild_corn": "2025-05-29 21:24:32 +0000",
      "wild_ribwort": "2025-05-29 21:24:32 +0000",
      "strawberry": "2025-05-29 21:24:32 +0000",
      "wild_nettle": "2025-05-29 21:24:32 +0000",
      "barley": "2025-05-29 21:24:32 +0000",
      "tomato": "2025-05-29 21:24:32 +0000",
      "lettuce": "2025-05-29 21:24:32 +0000",
      "wild_lettuce": "2025-05-29 21:24:32 +0000",
      "wild_tomatoes": "2025-05-29 21:24:32 +0000",
      "oat_seeds": "2025-05-29 21:24:32 +0000",
      "tomato_seeds": "2025-05-29 21:24:32 +0000",
      "barley_seeds": "2025-05-29 21:24:32 +0000",
      "strawberry_seeds": "2025-05-29 21:24:32 +0000",
      "lettuce_seeds": "2025-05-29 21:24:32 +0000",
      "kernels": "2025-05-29 21:24:32 +0000",
      "wild_barley": "2025-05-29 21:24:32 +0000",
      "wild_onion": "2025-05-29 21:24:32 +0000",
      "wild_oat": "2025-05-29 21:24:32 +0000"
    },
    "done": true
  },
  "bakery:main/root": {
    "criteria": {
      "seeds": "2025-05-29 21:24:32 +0000"
    },
    "done": true
  },
  "brewery:main/root": {
    "criteria": {
      "seeds": "2025-05-29 21:24:32 +0000"
    },
    "done": true
  },
  "vinery:main/root": {
    "criteria": {
      "seeds": "2025-05-29 21:24:32 +0000"
    },
    "done": true
  },
  "biomesoplenty:biomesoplenty/all_biomes": {
    "criteria": {
      "scrubland": "2025-05-29 21:24:33 +0000",
      "lavender_field": "2025-05-29 21:26:07 +0000"
    },
    "done": false
  },
  "farm_and_charm:main/root": {
    "criteria": {
      "example_criterion": "2025-05-29 21:24:33 +0000"
    },
    "done": true
  },
  "biomesoplenty:biomesoplenty/root": {
    "criteria": {
      "scrubland": "2025-05-29 21:24:33 +0000"
    },
    "done": true
  },
  "DataVersion": 3465
}