{
  "mowziesmobs:root": {
    "criteria": {
      "custom_test_name": "2025-05-29 21:24:32 +0000"
    },
    "done": true
  },
  "vs_eureka:recipes/balloon_color": {
    "criteria": {
      "has_red_balloon": "2025-05-29 21:24:32 +0000",
      "has_black_balloon": "2025-05-29 21:24:32 +0000",
      "has_lime_balloon": "2025-05-29 21:24:32 +0000",
      "has_cyan_balloon": "2025-05-29 21:24:32 +0000",
      "has_light_blue_balloon": "2025-05-29 21:24:32 +0000",
      "has_gray_balloon": "2025-05-29 21:24:32 +0000",
      "has_pink_balloon": "2025-05-29 21:24:32 +0000",
      "has_light_gray_balloon": "2025-05-29 21:24:32 +0000",
      "has_white_balloon": "2025-05-29 21:24:32 +0000",
      "has_blue_balloon": "2025-05-29 21:24:32 +0000",
      "has_yellow_balloon": "2025-05-29 21:24:32 +0000",
      "has_purple_balloon": "2025-05-29 21:24:32 +0000",
      "has_orange_balloon": "2025-05-29 21:24:32 +0000",
      "has_brown_balloon": "2025-05-29 21:24:32 +0000",
      "has_green_balloon": "2025-05-29 21:24:32 +0000",
      "has_magenta_balloon": "2025-05-29 21:24:32 +0000"
    },
    "done": true
  },
  "vs_eureka:recipes/ship_helm": {
    "criteria": {
      "has_gold": "2025-05-29 21:24:32 +0000"
    },
    "done": true
  },
  "lootr:root": {
    "criteria": {
      "always_true": "2025-05-29 21:24:32 +0000"
    },
    "done": true
  },
  "dungeons_arise:wda_root": {
    "criteria": {
      "WDA": "2025-05-29 21:24:32 +0000"
    },
    "done": true
  },
  "parcool:grant_parcool_guide": {
    "criteria": {
      "tick": "2025-05-29 21:24:32 +0000"
    },
    "done": true
  },
  "pizzadelight:root": {
    "criteria": {
      "tick": "2025-05-29 21:24:32 +0000"
    },
    "done": true
  },
  "farmersdelight:main/root": {
    "criteria": {
      "seeds": "2025-05-29 21:24:32 +0000"
    },
    "done": true
  },
  "farm_and_charm:main/find_wild_crops": {
    "criteria": {
      "oat": "2025-05-29 21:24:32 +0000",
      "wild_strawberry": "2025-05-29 21:24:32 +0000",
      "corn": "2025-05-29 21:24:32 +0000",
      "onion": "2025-05-29 21:24:32 +0000",
      "wild_corn": "2025-05-29 21:24:32 +0000",
      "wild_ribwort": "2025-05-29 21:24:32 +0000",
      "strawberry": "2025-05-29 21:24:32 +0000",
      "wild_nettle": "2025-05-29 21:24:32 +0000",
      "barley": "2025-05-29 21:24:32 +0000",
      "tomato": "2025-05-29 21:24:32 +0000",
      "lettuce": "2025-05-29 21:24:32 +0000",
      "wild_lettuce": "2025-05-29 21:24:32 +0000",
      "wild_tomatoes": "2025-05-29 21:24:32 +0000",
      "oat_seeds": "2025-05-29 21:24:32 +0000",
      "tomato_seeds": "2025-05-29 21:24:32 +0000",
      "barley_seeds": "2025-05-29 21:24:32 +0000",
      "strawberry_seeds": "2025-05-29 21:24:32 +0000",
      "lettuce_seeds": "2025-05-29 21:24:32 +0000",
      "kernels": "2025-05-29 21:24:32 +0000",
      "wild_barley": "2025-05-29 21:24:32 +0000",
      "wild_onion": "2025-05-29 21:24:32 +0000",
      "wild_oat": "2025-05-29 21:24:32 +0000"
    },
    "done": true
  },
  "bakery:main/root": {
    "criteria": {
      "seeds": "2025-05-29 21:24:32 +0000"
    },
    "done": true
  },
  "brewery:main/root": {
    "criteria": {
      "seeds": "2025-05-29 21:24:32 +0000"
    },
    "done": true
  },
  "vinery:main/root": {
    "criteria": {
      "seeds": "2025-05-29 21:24:32 +0000"
    },
    "done": true
  },
  "biomesoplenty:biomesoplenty/all_biomes": {
    "criteria": {
      "shrubland": "2025-06-13 21:42:42 +0000",
      "rocky_shrubland": "2025-06-13 21:41:56 +0000",
      "scrubland": "2025-05-29 21:24:33 +0000",
      "pasture": "2025-05-30 20:34:08 +0000",
      "lavender_field": "2025-05-29 21:26:07 +0000",
      "glowing_grotto": "2025-06-13 21:42:47 +0000"
    },
    "done": false
  },
  "farm_and_charm:main/root": {
    "criteria": {
      "example_criterion": "2025-05-29 21:24:33 +0000"
    },
    "done": true
  },
  "biomesoplenty:biomesoplenty/root": {
    "criteria": {
      "scrubland": "2025-05-29 21:24:33 +0000"
    },
    "done": true
  },
  "vinery:main/forbidden_fruit": {
    "criteria": {
      "apple": "2025-05-30 17:43:35 +0000"
    },
    "done": true
  },
  "minecraft:husbandry/balanced_diet": {
    "criteria": {
      "apple": "2025-05-30 17:43:46 +0000",
      "enchanted_golden_apple": "2025-06-13 21:24:37 +0000"
    },
    "done": false
  },
  "minecraft:husbandry/root": {
    "criteria": {
      "consumed_item": "2025-05-30 17:43:46 +0000"
    },
    "done": true
  },
  "minecraft:adventure/root": {
    "criteria": {
      "killed_something": "2025-05-30 17:46:49 +0000"
    },
    "done": true
  },
  "alexsmobs:alexsmobs/maraca": {
    "criteria": {
      "maraca": "2025-05-30 17:47:20 +0000"
    },
    "done": true
  },
  "alexsmobs:alexsmobs/la_cucaracha": {
    "criteria": {
      "tame": "2025-05-30 17:47:28 +0000"
    },
    "done": true
  },
  "minecraft:adventure/adventuring_time": {
    "criteria": {
      "minecraft:dark_forest": "2025-06-13 21:38:18 +0000",
      "minecraft:river": "2025-05-30 19:55:16 +0000",
      "minecraft:ocean": "2025-05-30 19:55:39 +0000",
      "minecraft:flower_forest": "2025-05-30 19:55:38 +0000"
    },
    "done": false
  },
  "artifacts:amateur_archaeologist": {
    "criteria": {
      "find_artifact": "2025-05-30 21:06:29 +0000"
    },
    "done": true
  },
  "alexscaves:alexscaves/stalked_by_deep_one": {
    "criteria": {
      "stalked_by_deep_one": "2025-05-30 21:50:43 +0000"
    },
    "done": true
  },
  "minecraft:adventure/kill_all_mobs": {
    "criteria": {
      "minecraft:skeleton": "2025-06-13 21:32:45 +0000",
      "minecraft:creeper": "2025-06-13 21:34:45 +0000",
      "minecraft:zombie": "2025-06-13 21:32:07 +0000"
    },
    "done": false
  },
  "minecraft:adventure/kill_a_mob": {
    "criteria": {
      "minecraft:zombie": "2025-06-13 21:32:07 +0000"
    },
    "done": true
  },
  "lightmanscurrency:currency/root": {
    "criteria": {
      "coin": "2025-06-13 21:32:48 +0000"
    },
    "done": true
  },
  "lightmanscurrency:currency/myfirstpenny": {
    "criteria": {
      "coin": "2025-06-13 21:32:48 +0000"
    },
    "done": true
  },
  "DataVersion": 3465
}