{
  "mowziesmobs:root": {
    "criteria": {
      "custom_test_name": "2025-05-29 20:32:03 +0000"
    },
    "done": true
  },
  "vs_eureka:recipes/balloon_color": {
    "criteria": {
      "has_red_balloon": "2025-05-29 20:32:03 +0000",
      "has_black_balloon": "2025-05-29 20:32:03 +0000",
      "has_lime_balloon": "2025-05-29 20:32:03 +0000",
      "has_cyan_balloon": "2025-05-29 20:32:03 +0000",
      "has_light_blue_balloon": "2025-05-29 20:32:03 +0000",
      "has_gray_balloon": "2025-05-29 20:32:03 +0000",
      "has_pink_balloon": "2025-05-29 20:32:03 +0000",
      "has_light_gray_balloon": "2025-05-29 20:32:03 +0000",
      "has_white_balloon": "2025-05-29 20:32:03 +0000",
      "has_blue_balloon": "2025-05-29 20:32:03 +0000",
      "has_yellow_balloon": "2025-05-29 20:32:03 +0000",
      "has_purple_balloon": "2025-05-29 20:32:03 +0000",
      "has_orange_balloon": "2025-05-29 20:32:03 +0000",
      "has_brown_balloon": "2025-05-29 20:32:03 +0000",
      "has_green_balloon": "2025-05-29 20:32:03 +0000",
      "has_magenta_balloon": "2025-05-29 20:32:03 +0000"
    },
    "done": true
  },
  "vs_eureka:recipes/ship_helm": {
    "criteria": {
      "has_gold": "2025-05-29 20:32:03 +0000"
    },
    "done": true
  },
  "lootr:root": {
    "criteria": {
      "always_true": "2025-05-29 20:32:03 +0000"
    },
    "done": true
  },
  "dungeons_arise:wda_root": {
    "criteria": {
      "WDA": "2025-05-29 20:32:03 +0000"
    },
    "done": true
  },
  "parcool:grant_parcool_guide": {
    "criteria": {
      "tick": "2025-05-29 20:32:03 +0000"
    },
    "done": true
  },
  "pizzadelight:root": {
    "criteria": {
      "tick": "2025-05-29 20:32:03 +0000"
    },
    "done": true
  },
  "farmersdelight:main/root": {
    "criteria": {
      "seeds": "2025-05-29 20:32:03 +0000"
    },
    "done": true
  },
  "farm_and_charm:main/find_wild_crops": {
    "criteria": {
      "oat": "2025-05-29 20:32:03 +0000",
      "wild_strawberry": "2025-05-29 20:32:03 +0000",
      "corn": "2025-05-29 20:32:03 +0000",
      "onion": "2025-05-29 20:32:03 +0000",
      "wild_corn": "2025-05-29 20:32:03 +0000",
      "wild_ribwort": "2025-05-29 20:32:03 +0000",
      "strawberry": "2025-05-29 20:32:03 +0000",
      "wild_nettle": "2025-05-29 20:32:03 +0000",
      "barley": "2025-05-29 20:32:03 +0000",
      "tomato": "2025-05-29 20:32:03 +0000",
      "lettuce": "2025-05-29 20:32:03 +0000",
      "wild_lettuce": "2025-05-29 20:32:03 +0000",
      "wild_tomatoes": "2025-05-29 20:32:03 +0000",
      "oat_seeds": "2025-05-29 20:32:03 +0000",
      "tomato_seeds": "2025-05-29 20:32:03 +0000",
      "barley_seeds": "2025-05-29 20:32:03 +0000",
      "strawberry_seeds": "2025-05-29 20:32:03 +0000",
      "lettuce_seeds": "2025-05-29 20:32:03 +0000",
      "kernels": "2025-05-29 20:32:03 +0000",
      "wild_barley": "2025-05-29 20:32:03 +0000",
      "wild_onion": "2025-05-29 20:32:03 +0000",
      "wild_oat": "2025-05-29 20:32:03 +0000"
    },
    "done": true
  },
  "bakery:main/root": {
    "criteria": {
      "seeds": "2025-05-29 20:32:03 +0000"
    },
    "done": true
  },
  "brewery:main/root": {
    "criteria": {
      "seeds": "2025-05-29 20:32:03 +0000"
    },
    "done": true
  },
  "vinery:main/root": {
    "criteria": {
      "seeds": "2025-05-29 20:32:03 +0000"
    },
    "done": true
  },
  "biomesoplenty:biomesoplenty/all_biomes": {
    "criteria": {
      "scrubland": "2025-05-29 20:32:04 +0000",
      "seasonal_forest": "2025-05-29 20:35:28 +0000",
      "pasture": "2025-05-29 20:33:25 +0000",
      "lavender_field": "2025-05-29 20:33:48 +0000",
      "gravel_beach": "2025-05-29 20:35:26 +0000"
    },
    "done": false
  },
  "farm_and_charm:main/root": {
    "criteria": {
      "example_criterion": "2025-05-29 20:32:04 +0000"
    },
    "done": true
  },
  "biomesoplenty:biomesoplenty/root": {
    "criteria": {
      "scrubland": "2025-05-29 20:32:04 +0000"
    },
    "done": true
  },
  "minecraft:adventure/adventuring_time": {
    "criteria": {
      "minecraft:river": "2025-05-29 20:33:20 +0000",
      "minecraft:flower_forest": "2025-05-29 20:35:43 +0000"
    },
    "done": false
  },
  "minecraft:adventure/root": {
    "criteria": {
      "killed_something": "2025-05-30 17:41:25 +0000"
    },
    "done": true
  },
  "vinery:main/forbidden_fruit": {
    "criteria": {
      "apple": "2025-05-30 17:42:27 +0000"
    },
    "done": true
  },
  "minecraft:husbandry/balanced_diet": {
    "criteria": {
      "apple": "2025-05-30 17:42:32 +0000"
    },
    "done": false
  },
  "minecraft:husbandry/root": {
    "criteria": {
      "consumed_item": "2025-05-30 17:42:32 +0000"
    },
    "done": true
  },
  "alexsmobs:alexsmobs/maraca": {
    "criteria": {
      "maraca": "2025-05-30 17:48:40 +0000"
    },
    "done": true
  },
  "alexsmobs:alexsmobs/la_cucaracha": {
    "criteria": {
      "tame": "2025-05-30 17:49:00 +0000"
    },
    "done": true
  },
  "artifacts:amateur_archaeologist": {
    "criteria": {
      "find_artifact": "2025-05-30 21:07:04 +0000"
    },
    "done": true
  },
  "quark:get_all_blossom_saplings": {
    "criteria": {
      "lavender": "2025-05-30 21:39:57 +0000"
    },
    "done": false
  },
  "alexscaves:alexscaves/bioluminescent_torch": {
    "criteria": {
      "bioluminescent_torch": "2025-05-30 21:49:21 +0000"
    },
    "done": true
  },
  "alexscaves:alexscaves/deep_one_items": {
    "criteria": {
      "magic_conch": "2025-05-30 21:49:59 +0000",
      "sea_staff": "2025-05-30 21:52:11 +0000"
    },
    "done": false
  },
  "quark:get_all_corundum": {
    "criteria": {
      "red": "2025-06-12 17:05:11 +0000",
      "orange": "2025-06-12 17:05:24 +0000",
      "blue": "2025-06-12 17:05:08 +0000",
      "white": "2025-06-12 17:05:06 +0000",
      "yellow": "2025-06-12 17:05:14 +0000",
      "indigo": "2025-06-12 17:05:17 +0000"
    },
    "done": false
  },
  "DataVersion": 3465
}