{
  "mowziesmobs:root": {
    "criteria": {
      "custom_test_name": "2025-05-29 20:32:03 +0000"
    },
    "done": true
  },
  "vs_eureka:recipes/balloon_color": {
    "criteria": {
      "has_red_balloon": "2025-05-29 20:32:03 +0000",
      "has_black_balloon": "2025-05-29 20:32:03 +0000",
      "has_lime_balloon": "2025-05-29 20:32:03 +0000",
      "has_cyan_balloon": "2025-05-29 20:32:03 +0000",
      "has_light_blue_balloon": "2025-05-29 20:32:03 +0000",
      "has_gray_balloon": "2025-05-29 20:32:03 +0000",
      "has_pink_balloon": "2025-05-29 20:32:03 +0000",
      "has_light_gray_balloon": "2025-05-29 20:32:03 +0000",
      "has_white_balloon": "2025-05-29 20:32:03 +0000",
      "has_blue_balloon": "2025-05-29 20:32:03 +0000",
      "has_yellow_balloon": "2025-05-29 20:32:03 +0000",
      "has_purple_balloon": "2025-05-29 20:32:03 +0000",
      "has_orange_balloon": "2025-05-29 20:32:03 +0000",
      "has_brown_balloon": "2025-05-29 20:32:03 +0000",
      "has_green_balloon": "2025-05-29 20:32:03 +0000",
      "has_magenta_balloon": "2025-05-29 20:32:03 +0000"
    },
    "done": true
  },
  "vs_eureka:recipes/ship_helm": {
    "criteria": {
      "has_gold": "2025-05-29 20:32:03 +0000"
    },
    "done": true
  },
  "lootr:root": {
    "criteria": {
      "always_true": "2025-05-29 20:32:03 +0000"
    },
    "done": true
  },
  "dungeons_arise:wda_root": {
    "criteria": {
      "WDA": "2025-05-29 20:32:03 +0000"
    },
    "done": true
  },
  "parcool:grant_parcool_guide": {
    "criteria": {
      "tick": "2025-05-29 20:32:03 +0000"
    },
    "done": true
  },
  "pizzadelight:root": {
    "criteria": {
      "tick": "2025-05-29 20:32:03 +0000"
    },
    "done": true
  },
  "farmersdelight:main/root": {
    "criteria": {
      "seeds": "2025-05-29 20:32:03 +0000"
    },
    "done": true
  },
  "farm_and_charm:main/find_wild_crops": {
    "criteria": {
      "oat": "2025-05-29 20:32:03 +0000",
      "wild_strawberry": "2025-05-29 20:32:03 +0000",
      "corn": "2025-05-29 20:32:03 +0000",
      "onion": "2025-05-29 20:32:03 +0000",
      "wild_corn": "2025-05-29 20:32:03 +0000",
      "wild_ribwort": "2025-05-29 20:32:03 +0000",
      "strawberry": "2025-05-29 20:32:03 +0000",
      "wild_nettle": "2025-05-29 20:32:03 +0000",
      "barley": "2025-05-29 20:32:03 +0000",
      "tomato": "2025-05-29 20:32:03 +0000",
      "lettuce": "2025-05-29 20:32:03 +0000",
      "wild_lettuce": "2025-05-29 20:32:03 +0000",
      "wild_tomatoes": "2025-05-29 20:32:03 +0000",
      "oat_seeds": "2025-05-29 20:32:03 +0000",
      "tomato_seeds": "2025-05-29 20:32:03 +0000",
      "barley_seeds": "2025-05-29 20:32:03 +0000",
      "strawberry_seeds": "2025-05-29 20:32:03 +0000",
      "lettuce_seeds": "2025-05-29 20:32:03 +0000",
      "kernels": "2025-05-29 20:32:03 +0000",
      "wild_barley": "2025-05-29 20:32:03 +0000",
      "wild_onion": "2025-05-29 20:32:03 +0000",
      "wild_oat": "2025-05-29 20:32:03 +0000"
    },
    "done": true
  },
  "bakery:main/root": {
    "criteria": {
      "seeds": "2025-05-29 20:32:03 +0000"
    },
    "done": true
  },
  "brewery:main/root": {
    "criteria": {
      "seeds": "2025-05-29 20:32:03 +0000"
    },
    "done": true
  },
  "vinery:main/root": {
    "criteria": {
      "seeds": "2025-05-29 20:32:03 +0000"
    },
    "done": true
  },
  "biomesoplenty:biomesoplenty/all_biomes": {
    "criteria": {
      "woodland": "2025-06-13 10:54:45 +0000",
      "shrubland": "2025-06-13 11:01:49 +0000",
      "rocky_shrubland": "2025-06-13 16:06:24 +0000",
      "scrubland": "2025-05-29 20:32:04 +0000",
      "floodplain": "2025-06-13 10:56:45 +0000",
      "highland": "2025-06-13 11:03:04 +0000",
      "jacaranda_glade": "2025-06-13 10:58:45 +0000",
      "old_growth_woodland": "2025-06-13 10:50:03 +0000",
      "moor": "2025-06-13 11:04:19 +0000",
      "overgrown_greens": "2025-06-13 10:57:59 +0000",
      "mediterranean_forest": "2025-06-13 10:51:00 +0000",
      "redwood_forest": "2025-06-13 10:58:20 +0000",
      "dune_beach": "2025-06-13 10:55:31 +0000",
      "seasonal_forest": "2025-05-29 20:35:28 +0000",
      "pasture": "2025-05-29 20:33:25 +0000",
      "lavender_field": "2025-05-29 20:33:48 +0000",
      "grassland": "2025-06-13 11:04:17 +0000",
      "prairie": "2025-06-13 10:58:35 +0000",
      "gravel_beach": "2025-05-29 20:35:26 +0000",
      "glowing_grotto": "2025-06-13 16:06:49 +0000"
    },
    "done": false
  },
  "farm_and_charm:main/root": {
    "criteria": {
      "example_criterion": "2025-05-29 20:32:04 +0000"
    },
    "done": true
  },
  "biomesoplenty:biomesoplenty/root": {
    "criteria": {
      "scrubland": "2025-05-29 20:32:04 +0000"
    },
    "done": true
  },
  "minecraft:adventure/adventuring_time": {
    "criteria": {
      "minecraft:old_growth_pine_taiga": "2025-06-13 10:57:54 +0000",
      "minecraft:taiga": "2025-06-13 12:32:31 +0000",
      "minecraft:sunflower_plains": "2025-06-13 10:52:58 +0000",
      "minecraft:birch_forest": "2025-06-13 10:57:25 +0000",
      "minecraft:beach": "2025-06-13 10:48:01 +0000",
      "minecraft:dark_forest": "2025-06-13 11:03:14 +0000",
      "minecraft:river": "2025-05-29 20:33:20 +0000",
      "minecraft:lukewarm_ocean": "2025-06-13 10:47:50 +0000",
      "minecraft:grove": "2025-06-13 11:05:16 +0000",
      "minecraft:forest": "2025-06-13 10:56:37 +0000",
      "minecraft:lush_caves": "2025-06-14 13:52:05 +0000",
      "minecraft:jungle": "2025-06-13 10:56:40 +0000",
      "minecraft:ocean": "2025-06-13 10:56:13 +0000",
      "minecraft:old_growth_spruce_taiga": "2025-06-13 10:57:30 +0000",
      "minecraft:flower_forest": "2025-05-29 20:35:43 +0000",
      "minecraft:deep_dark": "2025-06-14 13:46:05 +0000",
      "minecraft:savanna": "2025-06-13 10:48:11 +0000",
      "minecraft:plains": "2025-06-13 10:52:06 +0000"
    },
    "done": false
  },
  "minecraft:adventure/root": {
    "criteria": {
      "killed_something": "2025-05-30 17:41:25 +0000"
    },
    "done": true
  },
  "vinery:main/forbidden_fruit": {
    "criteria": {
      "apple": "2025-05-30 17:42:27 +0000"
    },
    "done": true
  },
  "minecraft:husbandry/balanced_diet": {
    "criteria": {
      "apple": "2025-05-30 17:42:32 +0000",
      "carrot": "2025-06-13 18:51:34 +0000"
    },
    "done": false
  },
  "minecraft:husbandry/root": {
    "criteria": {
      "consumed_item": "2025-05-30 17:42:32 +0000"
    },
    "done": true
  },
  "alexsmobs:alexsmobs/maraca": {
    "criteria": {
      "maraca": "2025-05-30 17:48:40 +0000"
    },
    "done": true
  },
  "alexsmobs:alexsmobs/la_cucaracha": {
    "criteria": {
      "tame": "2025-05-30 17:49:00 +0000"
    },
    "done": true
  },
  "artifacts:amateur_archaeologist": {
    "criteria": {
      "find_artifact": "2025-05-30 21:07:04 +0000"
    },
    "done": true
  },
  "quark:get_all_blossom_saplings": {
    "criteria": {
      "orange": "2025-06-13 10:50:37 +0000",
      "yellow": "2025-06-13 10:50:39 +0000",
      "lavender": "2025-05-30 21:39:57 +0000"
    },
    "done": false
  },
  "alexscaves:alexscaves/bioluminescent_torch": {
    "criteria": {
      "bioluminescent_torch": "2025-05-30 21:49:21 +0000"
    },
    "done": true
  },
  "alexscaves:alexscaves/deep_one_items": {
    "criteria": {
      "magic_conch": "2025-05-30 21:49:59 +0000",
      "sea_staff": "2025-05-30 21:52:11 +0000"
    },
    "done": false
  },
  "quark:get_all_corundum": {
    "criteria": {
      "red": "2025-06-12 17:05:11 +0000",
      "orange": "2025-06-12 17:05:24 +0000",
      "blue": "2025-06-12 17:05:08 +0000",
      "white": "2025-06-12 17:05:06 +0000",
      "yellow": "2025-06-12 17:05:14 +0000",
      "indigo": "2025-06-12 17:05:17 +0000"
    },
    "done": false
  },
  "brewery:main/eat_everything": {
    "criteria": {
      "potato_salad": "2025-06-12 19:57:11 +0000"
    },
    "done": false
  },
  "brewery:main/get_saturated": {
    "criteria": {
      "saturated": "2025-06-12 19:57:11 +0000"
    },
    "done": true
  },
  "bakery:main/place_bread_crate": {
    "criteria": {
      "bread_crate": "2025-06-12 19:57:22 +0000"
    },
    "done": true
  },
  "mofus_better_end_:mite_queen_soul_advancement": {
    "criteria": {
      "mite_queen_soul_advancement_0": "2025-06-12 20:17:51 +0000"
    },
    "done": true
  },
  "alexsmobs:alexsmobs/cosmic_cod": {
    "criteria": {
      "capsid": "2025-06-12 20:27:02 +0000"
    },
    "done": true
  },
  "chiselsandbits:chiselsandbits/find_chiselables": {
    "criteria": {
      "magnifier_glass": "2025-06-12 23:01:49 +0000"
    },
    "done": true
  },
  "minecraft:adventure/kill_all_mobs": {
    "criteria": {
      "minecraft:spider": "2025-06-12 23:41:20 +0000"
    },
    "done": false
  },
  "minecraft:adventure/kill_a_mob": {
    "criteria": {
      "minecraft:spider": "2025-06-12 23:41:20 +0000"
    },
    "done": true
  },
  "lightmanscurrency:currency/root": {
    "criteria": {
      "coin": "2025-06-12 23:41:20 +0000"
    },
    "done": true
  },
  "lightmanscurrency:currency/myfirstpenny": {
    "criteria": {
      "coin": "2025-06-12 23:41:20 +0000"
    },
    "done": true
  },
  "bakery:main/get_everything": {
    "criteria": {
      "bakery:sweetberry_cupcake": "2025-06-13 00:37:23 +0000"
    },
    "done": false
  },
  "bakery:main/get_all_caked_goods": {
    "criteria": {
      "bakery:sweetberry_cupcake": "2025-06-13 00:37:23 +0000"
    },
    "done": false
  },
  "vinery:main/fruits_of_the_field": {
    "criteria": {
      "fruits_of_the_field": "2025-06-13 10:52:06 +0000"
    },
    "done": true
  },
  "dungeons_arise:find_lighthouse": {
    "criteria": {
      "location0": "2025-06-13 10:59:54 +0000"
    },
    "done": true
  },
  "dungeons_arise:find_illager_campsite": {
    "criteria": {
      "location0": "2025-06-13 11:02:11 +0000"
    },
    "done": true
  },
  "farmersdelight:main/place_campfire": {
    "criteria": {
      "campfire": "2025-06-13 11:29:42 +0000"
    },
    "done": true
  },
  "minecraft:husbandry/plant_seed": {
    "criteria": {
      "beetroots": "2025-06-13 12:49:13 +0000"
    },
    "done": true
  },
  "farmersdelight:main/plant_all_crops": {
    "criteria": {
      "beetroot": "2025-06-13 12:49:13 +0000"
    },
    "done": false
  },
  "alexsmobs:alexsmobs/devils_hole_pupfish_bucket": {
    "criteria": {
      "sopa_de_macaco": "2025-06-13 12:57:07 +0000"
    },
    "done": true
  },
  "minecraft:story/mine_stone": {
    "criteria": {
      "get_stone": "2025-06-13 13:00:51 +0000"
    },
    "done": true
  },
  "lightmanscurrency:currency/trader": {
    "criteria": {
      "trader": "2025-06-13 13:27:09 +0000"
    },
    "done": true
  },
  "lootr:1chest": {
    "criteria": {
      "opened_chest": "2025-06-13 16:07:35 +0000"
    },
    "done": true
  },
  "lootr:social": {
    "criteria": {
      "opened_barrel": "2025-06-13 16:07:37 +0000",
      "opened_chest": "2025-06-13 16:07:35 +0000"
    },
    "done": false
  },
  "lootr:1barrel": {
    "criteria": {
      "opened_barrel": "2025-06-13 16:07:37 +0000"
    },
    "done": true
  },
  "minecraft:husbandry/tame_an_animal": {
    "criteria": {
      "tamed_animal": "2025-06-14 15:06:24 +0000"
    },
    "done": true
  },
  "alexsmobs:alexsmobs/rainbow_glass": {
    "criteria": {
      "gustmaker": "2025-06-14 13:41:09 +0000"
    },
    "done": true
  },
  "minecraft:husbandry/complete_catalogue": {
    "criteria": {
      "minecraft:british_shorthair": "2025-06-14 15:06:24 +0000"
    },
    "done": false
  },
  "DataVersion": 3465
}